Ubigeo,Categoria,Departamento_Provincia_Distrito
010101,A,AMAZONAS CHACHAPOYAS CHACHAPOYAS
010102,F,AMAZONAS CHACHAPOYAS ASUNCION
010103,G,AMAZONAS CHACHAPOYAS BALSAS
010104,F,AMAZONAS CHACHAPOYAS CHETO
010105,G,AMAZONAS CHACHAPOYAS CHILIQUIN
010106,G,AMAZONAS CHACHAPOYAS CHUQUIBAMBA
010107,F,AMAZONAS CHACHAPOYAS GRANADA
010108,E,AMAZONAS CHACHAPOYAS HUANCAS
010109,F,AMAZONAS CHACHAPOYAS LA JALCA
010110,E,AMAZONAS CHACHAPOYAS LEIMEBAMBA
010111,F,AMAZONAS CHACHAPOYAS LEVANTO
010112,E,AMAZONAS CHACHAPOYAS MAGDALENA
010113,E,AMAZONAS CHACHAPOYAS MARISCAL CASTILLA
010114,G,AMAZONAS CHACHAPOYAS MOLINOPAMPA
010115,E,AMAZONAS CHACHAPOYAS MONTEVIDEO
010116,F,AMAZONAS CHACHAPOYAS OLLEROS
010117,G,AMAZONAS CHACHAPOYAS QUINJALCA
010118,E,AMAZONAS CHACHAPOYAS SAN FRANCISCO DE DAGUAS
010119,E,AMAZONAS CHACHAPOYAS SAN ISIDRO DE MAINO
010120,G,AMAZONAS CHACHAPOYAS SOLOCO
010121,F,AMAZONAS CHACHAPOYAS SONCHE
010201,A,AMAZONAS BAGUA BAGUA
010202,G,AMAZONAS BAGUA ARAMANGO
010203,F,AMAZONAS BAGUA COPALLIN
010204,F,AMAZONAS BAGUA EL PARCO
010205,G,AMAZONAS BAGUA IMAZA
010206,F,AMAZONAS BAGUA LA PECA
010301,B,AMAZONAS BONGARA BONGARA -JUMBILLA
010302,F,AMAZONAS BONGARA CHISQUILLA
010303,E,AMAZONAS BONGARA CHURUJA
010304,G,AMAZONAS BONGARA COROSHA
010305,F,AMAZONAS BONGARA CUISPES
010306,F,AMAZONAS BONGARA FLORIDA
010307,E,AMAZONAS BONGARA JAZAN
010308,G,AMAZONAS BONGARA RECTA
010309,E,AMAZONAS BONGARA SAN CARLOS
010310,F,AMAZONAS BONGARA SHIPASBAMBA
010311,G,AMAZONAS BONGARA VALERA
010312,C,AMAZONAS BONGARA YAMBRASBAMBA F N°
010401,B,AMAZONAS CONDORCANQUI CONDORCANQUI - NIEVA
010402,G,AMAZONAS CONDORCANQUI EL CENEPA
010403,G,AMAZONAS CONDORCANQUI RIO SANTIAGO
010501,B,AMAZONAS LUYA LUYA -LAMUD
010502,F,AMAZONAS LUYA CAMPORREDONDO
010503,G,AMAZONAS LUYA COCABAMBA
010504,F,AMAZONAS LUYA COLCAMAR
010505,F,AMAZONAS LUYA CONILA
010506,F,AMAZONAS LUYA INGUILPATA
010507,G,AMAZONAS LUYA LONGUITA
010508,F,AMAZONAS LUYA LONYA CHICO
010509,F,AMAZONAS LUYA LUYA
010510,E,AMAZONAS LUYA LUYA VIEJO
010511,F,AMAZONAS LUYA MARIA
010512,F,AMAZONAS LUYA OCALLI
010513,G,AMAZONAS LUYA OCUMAL
010514,G,AMAZONAS LUYA PISUQUIA
010515,G,AMAZONAS LUYA PROVIDENCIA
010516,E,AMAZONAS LUYA SAN CRISTOBAL
010517,F,AMAZONAS LUYA SAN FRANCISCO DEL YESO
010518,G,AMAZONAS LUYA SAN JERONIMO
010519,G,AMAZONAS LUYA SAN JUAN DE LOPECANCHA
010520,G,AMAZONAS LUYA SANTA CATALINA
010521,G,AMAZONAS LUYA SANTO TOMAS
010522,F,AMAZONAS LUYA TINGO
010523,F,AMAZONAS LUYA TRITA
010601,B,AMAZONAS RODRIGUEZ DE MENDOZA RODRIGUEZ DE MENDOZA -SAN NICOLAS
010602,G,AMAZONAS RODRIGUEZ DE MENDOZA CHIRIMOTO
010603,E,AMAZONAS RODRIGUEZ DE MENDOZA COCHAMAL
010604,G,AMAZONAS RODRIGUEZ DE MENDOZA HUAMBO
010605,G,AMAZONAS RODRIGUEZ DE MENDOZA LIMABAMBA
010606,F,AMAZONAS RODRIGUEZ DE MENDOZA LONGAR
010607,F,AMAZONAS RODRIGUEZ DE MENDOZA MARISCAL BENAVIDES
010608,F,AMAZONAS RODRIGUEZ DE MENDOZA MILPUC
010609,G,AMAZONAS RODRIGUEZ DE MENDOZA OMIA
010610,G,AMAZONAS RODRIGUEZ DE MENDOZA SANTA ROSA
010611,G,AMAZONAS RODRIGUEZ DE MENDOZA TOTORA
010612,G,AMAZONAS RODRIGUEZ DE MENDOZA VISTA ALEGRE
010701,A,AMAZONAS UTCUBAMBA UTCUBAMBA -BAGUA GRANDE
010702,G,AMAZONAS UTCUBAMBA CAJARURO
010703,F,AMAZONAS UTCUBAMBA CUMBA
010704,C,AMAZONAS UTCUBAMBA EL MILAGRO F N°
010705,G,AMAZONAS UTCUBAMBA JAMALCA
010706,F,AMAZONAS UTCUBAMBA LONYA GRANDE
010707,G,AMAZONAS UTCUBAMBA YAMON
020101,A,ANCASH HUARAZ HUARAZ
020102,G,ANCASH HUARAZ COCHABAMBA
020103,F,ANCASH HUARAZ COLCABAMBA
020104,G,ANCASH HUARAZ HUANCHAY
020105,D,ANCASH HUARAZ INDEPENDENCIA
020106,F,ANCASH HUARAZ JANGAS
020107,G,ANCASH HUARAZ LA LIBERTAD
020108,F,ANCASH HUARAZ OLLEROS
020109,G,ANCASH HUARAZ PAMPAS
020110,G,ANCASH HUARAZ PARIACOTO
020111,G,ANCASH HUARAZ PIRA
020112,G,ANCASH HUARAZ TARICA
020201,B,ANCASH AIJA AIJA
020202,G,ANCASH AIJA CORIS
020203,F,ANCASH AIJA HUACLLAN
020204,G,ANCASH AIJA LA MERCED
020205,F,ANCASH AIJA SUCCHA
020301,B,ANCASH ANTONIO RAIMONDI ANTONIO RAYMONDI - LLAMELLIN
020302,F,ANCASH ANTONIO RAIMONDI ACZO
020303,G,ANCASH ANTONIO RAIMONDI CHACCHO
020304,F,ANCASH ANTONIO RAIMONDI CHINGAS
020305,G,ANCASH ANTONIO RAIMONDI MIRGAS
020306,G,ANCASH ANTONIO RAIMONDI SAN JUAN DE RONTOY
020401,B,ANCASH ASUNCION ASUNCION -CHACAS
020402,G,ANCASH ASUNCION ACOCHACA
020501,B,ANCASH BOLOGNESI BOLOGNESI - CHIQUIAN
020502,E,ANCASH BOLOGNESI ABELARDO PARDO LEZAMETA
020503,G,ANCASH BOLOGNESI ANTONIO RAYMONDI
020504,F,ANCASH BOLOGNESI AQUIA
020505,F,ANCASH BOLOGNESI CAJACAY
020506,E,ANCASH BOLOGNESI CANIS
020507,E,ANCASH BOLOGNESI COLQUIOC
020508,E,ANCASH BOLOGNESI HUALLANCA
020509,E,ANCASH BOLOGNESI HUASTA
020510,G,ANCASH BOLOGNESI HUAYLLACAYAN
020511,E,ANCASH BOLOGNESI LA PRIMAVERA
020512,E,ANCASH BOLOGNESI MANGAS
020513,E,ANCASH BOLOGNESI PACLLON
020514,E,ANCASH BOLOGNESI SAN MIGUEL DE CORPANQUI
020515,C,ANCASH BOLOGNESI TICLLOS E N°
020601,B,ANCASH CARHUAZ CARHUAZ
020602,F,ANCASH CARHUAZ ACOPAMPA
020603,F,ANCASH CARHUAZ AMASHCA
020604,G,ANCASH CARHUAZ ANTA
020605,G,ANCASH CARHUAZ ATAQUERO
020606,F,ANCASH CARHUAZ MARCARA
020607,F,ANCASH CARHUAZ PARIAHUANCA
020608,G,ANCASH CARHUAZ SAN MIGUEL DE ACO
020609,G,ANCASH CARHUAZ SHILLA
020610,F,ANCASH CARHUAZ TINCO
020611,G,ANCASH CARHUAZ YUNGAR
020701,B,ANCASH CARLOS FERMIN FITZCARRALD CARLOS F. FITZCARRALD -SAN LUIS
020702,G,ANCASH CARLOS FERMIN FITZCARRALD SAN NICOLAS
020703,G,ANCASH CARLOS FERMIN FITZCARRALD YAUYA
020801,A,ANCASH CASMA CASMA
020802,F,ANCASH CASMA BUENA VISTA ALTA
020803,E,ANCASH CASMA COMANDANTE NOEL
020804,F,ANCASH CASMA YAUTAN
020901,B,ANCASH CORONGO CORONGO
020902,F,ANCASH CORONGO ACO
020903,E,ANCASH CORONGO BAMBAS
020904,F,ANCASH CORONGO CUSCA
020905,E,ANCASH CORONGO LA PAMPA
020906,F,ANCASH CORONGO YANAC
020907,E,ANCASH CORONGO YUPAN
021001,B,ANCASH HUARI HUARI
021002,G,ANCASH HUARI ANRA
021003,G,ANCASH HUARI CAJAY
021004,G,ANCASH HUARI CHAVIN DE HUANTAR
021005,F,ANCASH HUARI HUACACHI
021006,F,ANCASH HUARI HUACCHIS
021007,F,ANCASH HUARI HUACHIS
021008,F,ANCASH HUARI HUANTAR
021009,F,ANCASH HUARI MASIN
021010,E,ANCASH HUARI PAUCAS
021011,G,ANCASH HUARI PONTO
021012,E,ANCASH HUARI RAHUAPAMPA
021013,F,ANCASH HUARI RAPAYAN
021014,G,ANCASH HUARI SAN MARCOS
021015,F,ANCASH HUARI SAN PEDRO DE CHANA
021016,F,ANCASH HUARI UCO
021101,A,ANCASH HUARMEY HUARMEY
021102,C,ANCASH HUARMEY COCHAPETI G N°
021103,F,ANCASH HUARMEY CULEBRAS
021104,F,ANCASH HUARMEY HUAYAN
021105,F,ANCASH HUARMEY MALVAS
021201,B,ANCASH HUAYLAS HUAYLAS -CARAZ
021202,F,ANCASH HUAYLAS HUALLANCA
021203,G,ANCASH HUAYLAS HUATA
021204,G,ANCASH HUAYLAS HUAYLAS
021205,F,ANCASH HUAYLAS MATO
021206,G,ANCASH HUAYLAS PAMPAROMAS
021207,G,ANCASH HUAYLAS PUEBLO LIBRE
021208,G,ANCASH HUAYLAS SANTA CRUZ
021209,G,ANCASH HUAYLAS SANTO TORIBIO
021210,G,ANCASH HUAYLAS YURACMARCA
021301,B,ANCASH MARISCAL LUZURIAGA MARISCAL LUZURIAGA - PISCOBAMBA
021302,G,ANCASH MARISCAL LUZURIAGA CASCA
021303,G,ANCASH MARISCAL LUZURIAGA ELEAZAR GUZMAN BARRON
021304,G,ANCASH MARISCAL LUZURIAGA FIDEL OLIVAS ESCUDERO
021305,G,ANCASH MARISCAL LUZURIAGA LLAMA
021306,G,ANCASH MARISCAL LUZURIAGA LLUMPA
021307,G,ANCASH MARISCAL LUZURIAGA LUCMA
021308,G,ANCASH MARISCAL LUZURIAGA MUSGA
021401,B,ANCASH OCROS OCROS
021402,F,ANCASH OCROS ACAS
021403,E,ANCASH OCROS CAJAMARQUILLA
021404,E,ANCASH OCROS CARHUAPAMPA
021405,G,ANCASH OCROS COCHAS
021406,E,ANCASH OCROS CONGAS
021407,E,ANCASH OCROS LLIPA
021408,E,ANCASH OCROS SAN CRISTOBAL DE RAJAN
021409,F,ANCASH OCROS SAN PEDRO
021410,E,ANCASH OCROS SANTIAGO DE CHILCAS
021501,B,ANCASH PALLASCA PALLASCA -CABANA
021502,G,ANCASH PALLASCA BOLOGNESI
021503,F,ANCASH PALLASCA CONCHUCOS
021504,F,ANCASH PALLASCA HUACASCHUQUE
021505,F,ANCASH PALLASCA HUANDOVAL
021506,F,ANCASH PALLASCA LACABAMBA
021507,E,ANCASH PALLASCA LLAPO
021508,F,ANCASH PALLASCA PALLASCA
021509,F,ANCASH PALLASCA PAMPAS
021510,G,ANCASH PALLASCA SANTA ROSA
021511,C,ANCASH PALLASCA TAUCA F N°
021601,B,ANCASH POMABAMBA POMABAMBA
021602,G,ANCASH POMABAMBA HUAYLLAN
021603,G,ANCASH POMABAMBA PAROBAMBA
021604,G,ANCASH POMABAMBA QUINUABAMBA
021701,B,ANCASH RECUAY RECUAY
021702,F,ANCASH RECUAY CATAC
021703,E,ANCASH RECUAY COTAPARACO
021704,F,ANCASH RECUAY HUAYLLAPAMPA
021705,E,ANCASH RECUAY LLACLLIN
021706,E,ANCASH RECUAY MARCA
021707,F,ANCASH RECUAY PAMPAS CHICO
021708,G,ANCASH RECUAY PARARIN
021709,F,ANCASH RECUAY TAPACOCHA
021710,F,ANCASH RECUAY TICAPAMPA
021801,A,ANCASH SANTA SANTA -CHIMBOTE
021802,G,ANCASH SANTA CACERES DEL PERU
021803,D,ANCASH SANTA COISHCO
021804,G,ANCASH SANTA MACATE
021805,F,ANCASH SANTA MORO
021806,E,ANCASH SANTA NEPEÑA
021807,E,ANCASH SANTA SAMANCO
021808,E,ANCASH SANTA SANTA
021809,D,ANCASH SANTA NUEVO CHIMBOTE
021901,B,ANCASH SIHUAS SIHUAS
021902,F,ANCASH SIHUAS ACOBAMBA
021903,F,ANCASH SIHUAS ALFONSO UGARTE
021904,G,ANCASH SIHUAS CASHAPAMPA
021905,F,ANCASH SIHUAS CHINGALPO
021906,G,ANCASH SIHUAS HUAYLLABAMBA
021907,G,ANCASH SIHUAS QUICHES
021908,G,ANCASH SIHUAS RAGASH
021909,G,ANCASH SIHUAS SAN JUAN
021910,F,ANCASH SIHUAS SICSIBAMBA
022001,B,ANCASH YUNGAY YUNGAY
022002,G,ANCASH YUNGAY CASCAPARA
022003,F,ANCASH YUNGAY MANCOS
022004,G,ANCASH YUNGAY MATACOTO
022005,G,ANCASH YUNGAY QUILLO
022006,F,ANCASH YUNGAY RANRAHIRCA
022007,G,ANCASH YUNGAY SHUPLUY
022008,G,ANCASH YUNGAY YANAMA
030101,A,APURIMAC ABANCAY ABANCAY
030102,E,APURIMAC ABANCAY CHACOCHE
030103,G,APURIMAC ABANCAY CIRCA
030104,C,APURIMAC ABANCAY CURAHUASI F N°
030105,G,APURIMAC ABANCAY HUANIPACA
030106,F,APURIMAC ABANCAY LAMBRAMA
030107,G,APURIMAC ABANCAY PICHIRHUA
030108,G,APURIMAC ABANCAY SAN PEDRO DE CACHORA
030109,D,APURIMAC ABANCAY TAMBURCO
030201,A,APURIMAC ANDAHUAYLAS ANDAHUAYLAS
030202,G,APURIMAC ANDAHUAYLAS ANDARAPA
030203,F,APURIMAC ANDAHUAYLAS CHIARA
030204,F,APURIMAC ANDAHUAYLAS HUANCARAMA
030205,G,APURIMAC ANDAHUAYLAS HUANCARAY
030206,F,APURIMAC ANDAHUAYLAS HUAYANA
030207,G,APURIMAC ANDAHUAYLAS KISHUARA
030208,G,APURIMAC ANDAHUAYLAS PACOBAMBA
030209,G,APURIMAC ANDAHUAYLAS PACUCHA
030210,G,APURIMAC ANDAHUAYLAS PAMPACHIRI
030211,E,APURIMAC ANDAHUAYLAS POMACOCHA
030212,F,APURIMAC ANDAHUAYLAS SAN ANTONIO DE CACHI
030213,D,APURIMAC ANDAHUAYLAS SAN JERONIMO
030214,F,APURIMAC ANDAHUAYLAS SAN MIGUEL DE CHACCRAMPA
030215,F,APURIMAC ANDAHUAYLAS SANTA MARIA DE CHICMO
030216,D,APURIMAC ANDAHUAYLAS TALAVERA
030217,G,APURIMAC ANDAHUAYLAS TUMAY HUARACA
030218,G,APURIMAC ANDAHUAYLAS TURPO
030219,F,APURIMAC ANDAHUAYLAS KAQUIABAMBA
030220,E,APURIMAC ANDAHUAYLAS JOSE MARÍA ARGUEDAS
030301,B,APURIMAC ANTABAMBA ANTABAMBA
030302,E,APURIMAC ANTABAMBA EL ORO
030303,F,APURIMAC ANTABAMBA HUAQUIRCA
030304,E,APURIMAC ANTABAMBA JUAN ESPINOZA MEDRANO
030305,E,APURIMAC ANTABAMBA OROPESA
030306,E,APURIMAC ANTABAMBA PACHACONAS
030307,E,APURIMAC ANTABAMBA SABAINO
030401,B,APURIMAC AYMARAES AYMARAES - CHALHUANCA
030402,F,APURIMAC AYMARAES CAPAYA
030403,E,APURIMAC AYMARAES CARAYBAMBA
030404,F,APURIMAC AYMARAES CHAPIMARCA
030405,F,APURIMAC AYMARAES COLCABAMBA
030406,G,APURIMAC AYMARAES COTARUSE
030407,G,APURIMAC AYMARAES IHUAYLLO
030408,G,APURIMAC AYMARAES JUSTO APU SAHUARAURA
030409,C,APURIMAC AYMARAES LUCRE G N°
030410,F,APURIMAC AYMARAES POCOHUANCA
030411,E,APURIMAC AYMARAES SAN JUAN DE CHACÑA
030412,F,APURIMAC AYMARAES SAÑAYCA
030413,G,APURIMAC AYMARAES SORAYA
030414,G,APURIMAC AYMARAES TAPAIRIHUA
030415,G,APURIMAC AYMARAES TINTAY
030416,G,APURIMAC AYMARAES TORAYA
030417,F,APURIMAC AYMARAES YANACA
030501,B,APURIMAC COTABAMBAS COTABAMBAS - TAMBOBAMBA
030502,F,APURIMAC COTABAMBAS COTABAMBAS
030503,G,APURIMAC COTABAMBAS COYLLURQUI
030504,F,APURIMAC COTABAMBAS HAQUIRA
030505,G,APURIMAC COTABAMBAS MARA
030506,F,APURIMAC COTABAMBAS CHALLHUAHUACHO
030601,B,APURIMAC CHINCHEROS CHINCHEROS
030602,E,APURIMAC CHINCHEROS ANCO-HUALLO
030603,G,APURIMAC CHINCHEROS COCHARCAS
030604,F,APURIMAC CHINCHEROS HUACCANA
030605,G,APURIMAC CHINCHEROS OCOBAMBA
030606,G,APURIMAC CHINCHEROS ONGOY
030607,F,APURIMAC CHINCHEROS URANMARCA
030608,G,APURIMAC CHINCHEROS RANRACANCHA
030609,G,APURIMAC CHINCHEROS ROCCHACC
030610,F,APURIMAC CHINCHEROS EL PORVENIR
030611,G,APURIMAC CHINCHEROS LOS CHANKAS
030612,G,APURIMAC CHINCHEROS AHUAYRO
030701,B,APURIMAC GRAU GRAU - CHUQUIBAMBILLA
030702,G,APURIMAC GRAU CURPAHUASI
030703,G,APURIMAC GRAU GAMARRA
030704,G,APURIMAC GRAU HUAYLLATI
030705,F,APURIMAC GRAU MAMARA
030706,F,APURIMAC GRAU MICAELA BASTIDAS
030707,F,APURIMAC GRAU PATAYPAMPA
030708,F,APURIMAC GRAU PROGRESO
030709,E,APURIMAC GRAU SAN ANTONIO
030710,F,APURIMAC GRAU SANTA ROSA
030711,E,APURIMAC GRAU TURPAY
030712,E,APURIMAC GRAU VILCABAMBA
030713,E,APURIMAC GRAU VIRUNDO
030714,F,APURIMAC GRAU CURASCO
040101,A,AREQUIPA AREQUIPA AREQUIPA
040102,D,AREQUIPA AREQUIPA ALTO SELVA ALEGRE
040103,D,AREQUIPA AREQUIPA CAYMA
040104,C,AREQUIPA AREQUIPA CERRO COLORADO D N°
040105,D,AREQUIPA AREQUIPA CHARACATO
040106,D,AREQUIPA AREQUIPA CHIGUATA
040107,D,AREQUIPA AREQUIPA JACOBO HUNTER
040108,E,AREQUIPA AREQUIPA LA JOYA
040109,D,AREQUIPA AREQUIPA MARIANO MELGAR
040110,D,AREQUIPA AREQUIPA MIRAFLORES
040111,D,AREQUIPA AREQUIPA MOLLEBAYA
040112,D,AREQUIPA AREQUIPA PAUCARPATA
040113,F,AREQUIPA AREQUIPA POCSI
040114,F,AREQUIPA AREQUIPA POLOBAYA
040115,E,AREQUIPA AREQUIPA QUEQUEÑA
040116,D,AREQUIPA AREQUIPA SABANDIA
040117,D,AREQUIPA AREQUIPA SACHACA
040118,E,AREQUIPA AREQUIPA SAN JUAN DE SIGUAS
040119,F,AREQUIPA AREQUIPA SAN JUAN DE TARUCANI
040120,G,AREQUIPA AREQUIPA SANTA ISABEL DE SIGUAS
040121,E,AREQUIPA AREQUIPA SANTA RITA DE SIGUAS
040122,D,AREQUIPA AREQUIPA SOCABAYA
040123,D,AREQUIPA AREQUIPA TIABAYA
040124,E,AREQUIPA AREQUIPA UCHUMAYO
040125,F,AREQUIPA AREQUIPA VITOR
040126,D,AREQUIPA AREQUIPA YANAHUARA
040127,E,AREQUIPA AREQUIPA YARABAMBA
040128,D,AREQUIPA AREQUIPA YURA
040129,D,AREQUIPA AREQUIPA JOSE LUIS BUSTAMANTE Y RIVERO
040201,B,AREQUIPA CAMANA CAMANA
040202,E,AREQUIPA CAMANA JOSE MARIA QUIMPER
040203,G,AREQUIPA CAMANA MARIANO NICOLAS VALCARCEL
040204,E,AREQUIPA CAMANA MARISCAL CACERES
040205,E,AREQUIPA CAMANA NICOLAS DE PIEROLA
040206,E,AREQUIPA CAMANA OCOÑA
040207,G,AREQUIPA CAMANA QUILCA
040208,E,AREQUIPA CAMANA SAMUEL PASTOR
040301,B,AREQUIPA CARAVELI CARAVELI
040302,E,AREQUIPA CARAVELI ACARI
040303,E,AREQUIPA CARAVELI ATICO
040304,G,AREQUIPA CARAVELI ATIQUIPA
040305,E,AREQUIPA CARAVELI BELLA UNION
040306,G,AREQUIPA CARAVELI CAHUACHO
040307,E,AREQUIPA CARAVELI CHALA
040308,F,AREQUIPA CARAVELI CHAPARRA
040309,C,AREQUIPA CARAVELI HUANUHUANU G N°
040310,E,AREQUIPA CARAVELI JAQUI
040311,E,AREQUIPA CARAVELI LOMAS
040312,F,AREQUIPA CARAVELI QUICACHA
040313,E,AREQUIPA CARAVELI YAUCA
040401,B,AREQUIPA CASTILLA CASTILLA -APLAO
040402,E,AREQUIPA CASTILLA ANDAGUA
040403,E,AREQUIPA CASTILLA AYO
040404,F,AREQUIPA CASTILLA CHACHAS
040405,F,AREQUIPA CASTILLA CHILCAYMARCA
040406,F,AREQUIPA CASTILLA CHOCO
040407,E,AREQUIPA CASTILLA HUANCARQUI
040408,F,AREQUIPA CASTILLA MACHAGUAY
040409,E,AREQUIPA CASTILLA ORCOPAMPA
040410,E,AREQUIPA CASTILLA PAMPACOLCA
040411,G,AREQUIPA CASTILLA TIPAN
040412,F,AREQUIPA CASTILLA UÑON
040413,F,AREQUIPA CASTILLA URACA
040414,E,AREQUIPA CASTILLA VIRACO
040501,B,AREQUIPA CAYLLOMA CAYLLOMA -CHIVAY
040502,E,AREQUIPA CAYLLOMA ACHOMA
040503,E,AREQUIPA CAYLLOMA CABANACONDE
040504,F,AREQUIPA CAYLLOMA CALLALLI
040505,E,AREQUIPA CAYLLOMA CAYLLOMA
040506,F,AREQUIPA CAYLLOMA COPORAQUE
040507,F,AREQUIPA CAYLLOMA HUAMBO
040508,F,AREQUIPA CAYLLOMA HUANCA
040509,E,AREQUIPA CAYLLOMA ICHUPAMPA
040510,E,AREQUIPA CAYLLOMA LARI
040511,F,AREQUIPA CAYLLOMA LLUTA
040512,E,AREQUIPA CAYLLOMA MACA
040513,E,AREQUIPA CAYLLOMA MADRIGAL
040514,F,AREQUIPA CAYLLOMA SAN ANTONIO DE CHUCA
040515,E,AREQUIPA CAYLLOMA SIBAYO
040516,G,AREQUIPA CAYLLOMA TAPAY
040517,F,AREQUIPA CAYLLOMA TISCO
040518,E,AREQUIPA CAYLLOMA TUTI
040519,E,AREQUIPA CAYLLOMA YANQUE
040520,D,AREQUIPA CAYLLOMA MAJES
040601,B,AREQUIPA CONDESUYOS CONDESUYOS - CHUQUIBAMBA
040602,G,AREQUIPA CONDESUYOS ANDARAY
040603,G,AREQUIPA CONDESUYOS CAYARANI
040604,F,AREQUIPA CONDESUYOS CHICHAS
040605,F,AREQUIPA CONDESUYOS IRAY
040606,C,AREQUIPA CONDESUYOS RIO GRANDE F N°
040607,F,AREQUIPA CONDESUYOS SALAMANCA
040608,G,AREQUIPA CONDESUYOS YANAQUIHUA
040701,A,AREQUIPA ISLAY ISLAY -MOLLENDO
040702,E,AREQUIPA ISLAY COCACHACRA
040703,E,AREQUIPA ISLAY DEAN VALDIVIA
040704,E,AREQUIPA ISLAY ISLAY
040705,E,AREQUIPA ISLAY MEJIA
040706,E,AREQUIPA ISLAY PUNTA DE BOMBON
040801,B,AREQUIPA LA UNION LA UNION - COTAHUASI
040802,E,AREQUIPA LA UNION ALCA
040803,F,AREQUIPA LA UNION CHARCANA
040804,F,AREQUIPA LA UNION HUAYNACOTAS
040805,F,AREQUIPA LA UNION PAMPAMARCA
040806,F,AREQUIPA LA UNION PUYCA
040807,G,AREQUIPA LA UNION QUECHUALLA
040808,F,AREQUIPA LA UNION SAYLA
040809,E,AREQUIPA LA UNION TAURIA
040810,F,AREQUIPA LA UNION TOMEPAMPA
040811,F,AREQUIPA LA UNION TORO
050101,A,AYACUCHO HUAMANGA HUAMANGA - AYACUCHO
050102,G,AYACUCHO HUAMANGA ACOCRO
050103,G,AYACUCHO HUAMANGA ACOS VINCHOS
050104,D,AYACUCHO HUAMANGA CARMEN ALTO
050105,F,AYACUCHO HUAMANGA CHIARA
050106,G,AYACUCHO HUAMANGA OCROS
050107,F,AYACUCHO HUAMANGA PACAYCASA
050108,F,AYACUCHO HUAMANGA QUINUA
050109,G,AYACUCHO HUAMANGA SAN JOSE DE TICLLAS
050110,D,AYACUCHO HUAMANGA SAN JUAN BAUTISTA
050111,F,AYACUCHO HUAMANGA SANTIAGO DE PISCHA
050112,G,AYACUCHO HUAMANGA SOCOS
050113,G,AYACUCHO HUAMANGA TAMBILLO
050114,G,AYACUCHO HUAMANGA VINCHOS
050115,D,AYACUCHO HUAMANGA JESUS NAZARENO
050116,D,AYACUCHO HUAMANGA ANDRES AVELINO CACERES DORREGARAY
050201,B,AYACUCHO CANGALLO CANGALLO
050202,F,AYACUCHO CANGALLO CHUSCHI
050203,F,AYACUCHO CANGALLO LOS MOROCHUCOS
050204,G,AYACUCHO CANGALLO MARIA PARADO DE BELLIDO
050205,G,AYACUCHO CANGALLO PARAS
050206,F,AYACUCHO CANGALLO TOTOS
050301,C,AYACUCHO HUANCA SANCOS HUANCA SANCOS - SANCOS B N°
050302,E,AYACUCHO HUANCA SANCOS CARAPO
050303,F,AYACUCHO HUANCA SANCOS SACSAMARCA
050304,F,AYACUCHO HUANCA SANCOS SANTIAGO DE LUCANAMARCA
050401,A,AYACUCHO HUANTA HUANTA
050402,F,AYACUCHO HUANTA AYAHUANCO
050403,F,AYACUCHO HUANTA HUAMANGUILLA
050404,G,AYACUCHO HUANTA IGUAIN
050405,F,AYACUCHO HUANTA LURICOCHA
050406,G,AYACUCHO HUANTA SANTILLANA
050407,F,AYACUCHO HUANTA SIVIA
050408,F,AYACUCHO HUANTA LLOCHEGUA
050409,F,AYACUCHO HUANTA CANAYRE
050410,G,AYACUCHO HUANTA UCHURACCAY
050411,G,AYACUCHO HUANTA PUCACOLPA
050412,F,AYACUCHO HUANTA CHACA
050413,G,AYACUCHO HUANTA PUTIS
050501,B,AYACUCHO LA MAR LA MAR -SAN MIGUEL
050502,G,AYACUCHO LA MAR ANCO
050503,E,AYACUCHO LA MAR AYNA
050504,G,AYACUCHO LA MAR CHILCAS
050505,G,AYACUCHO LA MAR CHUNGUI
050506,G,AYACUCHO LA MAR LUIS CARRANZA
050507,E,AYACUCHO LA MAR SANTA ROSA
050508,F,AYACUCHO LA MAR TAMBO
050509,F,AYACUCHO LA MAR SAMUGARI
050510,G,AYACUCHO LA MAR ANCHIHUAY
050511,G,AYACUCHO LA MAR ORONCCOY
050512,G,AYACUCHO LA MAR UNION PROGRESO
050513,G,AYACUCHO LA MAR RIO MAGDALENA
050514,G,AYACUCHO LA MAR NINABAMBA
050515,G,AYACUCHO LA MAR PATIBAMBA
050601,B,AYACUCHO LUCANAS LUCANAS -PUQUIO
050602,E,AYACUCHO LUCANAS AUCARA
050603,E,AYACUCHO LUCANAS CABANA
050604,E,AYACUCHO LUCANAS CARMEN SALCEDO
050605,F,AYACUCHO LUCANAS CHAVIÑA
050606,F,AYACUCHO LUCANAS CHIPAO
050607,G,AYACUCHO LUCANAS HUAC-HUAS
050608,F,AYACUCHO LUCANAS LARAMATE
050609,F,AYACUCHO LUCANAS LEONCIO PRADO
050610,F,AYACUCHO LUCANAS LLAUTA
050611,F,AYACUCHO LUCANAS LUCANAS
050612,F,AYACUCHO LUCANAS OCAÑA
050613,C,AYACUCHO LUCANAS OTOCA G N°
050614,F,AYACUCHO LUCANAS SAISA
050615,F,AYACUCHO LUCANAS SAN CRISTOBAL
050616,E,AYACUCHO LUCANAS SAN JUAN
050617,F,AYACUCHO LUCANAS SAN PEDRO
050618,F,AYACUCHO LUCANAS SAN PEDRO DE PALCO
050619,F,AYACUCHO LUCANAS SANCOS
050620,E,AYACUCHO LUCANAS SANTA ANA DE HUAYCAHUACHO
050621,E,AYACUCHO LUCANAS SANTA LUCIA
050701,B,AYACUCHO PARINACOCHAS PARINACOCHAS - CORACORA
050702,E,AYACUCHO PARINACOCHAS CHUMPI
050703,G,AYACUCHO PARINACOCHAS CORONEL CASTAÑEDA
050704,F,AYACUCHO PARINACOCHAS PACAPAUSA
050705,E,AYACUCHO PARINACOCHAS PULLO
050706,F,AYACUCHO PARINACOCHAS PUYUSCA
050707,F,AYACUCHO PARINACOCHAS SAN FRANCISCO DE RAVACAYCO
050708,G,AYACUCHO PARINACOCHAS UPAHUACHO
050801,B,AYACUCHO PAUCAR DEL SARA SARA PAUCAR DEL SARA SARA -PAUSA
050802,F,AYACUCHO PAUCAR DEL SARA SARA COLTA
050803,F,AYACUCHO PAUCAR DEL SARA SARA CORCULLA
050804,E,AYACUCHO PAUCAR DEL SARA SARA LAMPA
050805,E,AYACUCHO PAUCAR DEL SARA SARA MARCABAMBA
050806,F,AYACUCHO PAUCAR DEL SARA SARA OYOLO
050807,F,AYACUCHO PAUCAR DEL SARA SARA PARARCA
050808,G,AYACUCHO PAUCAR DEL SARA SARA SAN JAVIER DE ALPABAMBA
050809,F,AYACUCHO PAUCAR DEL SARA SARA SAN JOSE DE USHUA
050810,E,AYACUCHO PAUCAR DEL SARA SARA SARA SARA
050901,B,AYACUCHO SUCRE SUCRE - QUEROBAMBA
050902,E,AYACUCHO SUCRE BELEN
050903,F,AYACUCHO SUCRE CHALCOS
050904,F,AYACUCHO SUCRE CHILCAYOC
050905,E,AYACUCHO SUCRE HUACAÑA
050906,E,AYACUCHO SUCRE MORCOLLA
050907,E,AYACUCHO SUCRE PAICO
050908,F,AYACUCHO SUCRE SAN PEDRO DE LARCAY
050909,G,AYACUCHO SUCRE SAN SALVADOR DE QUIJE
050910,E,AYACUCHO SUCRE SANTIAGO DE PAUCARAY
050911,E,AYACUCHO SUCRE SORAS
051001,B,AYACUCHO VICTOR FAJARDO VICTOR FAJARDO - HUANCAPI
051002,E,AYACUCHO VICTOR FAJARDO ALCAMENCA
051003,C,AYACUCHO VICTOR FAJARDO APONGO E N°
051004,G,AYACUCHO VICTOR FAJARDO ASQUIPATA
051005,E,AYACUCHO VICTOR FAJARDO CANARIA
051006,E,AYACUCHO VICTOR FAJARDO CAYARA
051007,F,AYACUCHO VICTOR FAJARDO COLCA
051008,F,AYACUCHO VICTOR FAJARDO HUAMANQUIQUIA
051009,E,AYACUCHO VICTOR FAJARDO HUANCARAYLLA
051010,E,AYACUCHO VICTOR FAJARDO HUAYA
051011,E,AYACUCHO VICTOR FAJARDO SARHUA
051012,G,AYACUCHO VICTOR FAJARDO VILCANCHOS
051101,B,AYACUCHO VILCAS HUAMAN VILCAS HUAMAN
051102,E,AYACUCHO VILCAS HUAMAN ACCOMARCA
051103,F,AYACUCHO VILCAS HUAMAN CARHUANCA
051104,G,AYACUCHO VILCAS HUAMAN CONCEPCION
051105,F,AYACUCHO VILCAS HUAMAN HUAMBALPA
051106,F,AYACUCHO VILCAS HUAMAN INDEPENDENCIA
051107,G,AYACUCHO VILCAS HUAMAN SAURAMA
051108,F,AYACUCHO VILCAS HUAMAN VISCHONGO
060101,A,CAJAMARCA CAJAMARCA CAJAMARCA
060102,G,CAJAMARCA CAJAMARCA ASUNCION
060103,G,CAJAMARCA CAJAMARCA CHETILLA
060104,G,CAJAMARCA CAJAMARCA COSPAN
060105,G,CAJAMARCA CAJAMARCA ENCAÑADA
060106,G,CAJAMARCA CAJAMARCA JESUS
060107,G,CAJAMARCA CAJAMARCA LLACANORA
060108,D,CAJAMARCA CAJAMARCA LOS BAÑOS DEL INCA
060109,G,CAJAMARCA CAJAMARCA MAGDALENA
060110,G,CAJAMARCA CAJAMARCA MATARA
060111,G,CAJAMARCA CAJAMARCA NAMORA
060112,G,CAJAMARCA CAJAMARCA SAN JUAN
060201,B,CAJAMARCA CAJABAMBA CAJABAMBA
060202,G,CAJAMARCA CAJABAMBA CACHACHI
060203,G,CAJAMARCA CAJABAMBA CONDEBAMBA
060204,G,CAJAMARCA CAJABAMBA SITACOCHA
060301,B,CAJAMARCA CELENDIN CELENDIN
060302,G,CAJAMARCA CELENDIN CHUMUCH
060303,G,CAJAMARCA CELENDIN CORTEGANA
060304,G,CAJAMARCA CELENDIN HUASMIN
060305,F,CAJAMARCA CELENDIN JORGE CHAVEZ
060306,G,CAJAMARCA CELENDIN JOSE GALVEZ
060307,G,CAJAMARCA CELENDIN MIGUEL IGLESIAS
060308,G,CAJAMARCA CELENDIN OXAMARCA
060309,G,CAJAMARCA CELENDIN SOROCHUCO
060310,G,CAJAMARCA CELENDIN SUCRE
060311,C,CAJAMARCA CELENDIN UTCO G N°
060312,G,CAJAMARCA CELENDIN LA LIBERTAD DE PALLAN
060401,A,CAJAMARCA CHOTA CHOTA
060402,G,CAJAMARCA CHOTA ANGUIA
060403,G,CAJAMARCA CHOTA CHADIN
060404,G,CAJAMARCA CHOTA CHIGUIRIP
060405,G,CAJAMARCA CHOTA CHIMBAN
060406,G,CAJAMARCA CHOTA CHOROPAMPA
060407,G,CAJAMARCA CHOTA COCHABAMBA
060408,G,CAJAMARCA CHOTA CONCHAN
060409,G,CAJAMARCA CHOTA HUAMBOS
060410,G,CAJAMARCA CHOTA LAJAS
060411,F,CAJAMARCA CHOTA LLAMA
060412,G,CAJAMARCA CHOTA MIRACOSTA
060413,G,CAJAMARCA CHOTA PACCHA
060414,F,CAJAMARCA CHOTA PION
060415,G,CAJAMARCA CHOTA QUEROCOTO
060416,G,CAJAMARCA CHOTA SAN JUAN DE LICUPIS
060417,G,CAJAMARCA CHOTA TACABAMBA
060418,G,CAJAMARCA CHOTA TOCMOCHE
060419,G,CAJAMARCA CHOTA CHALAMARCA
060501,B,CAJAMARCA CONTUMAZA CONTUMAZA
060502,E,CAJAMARCA CONTUMAZA CHILETE
060503,G,CAJAMARCA CONTUMAZA CUPISNIQUE
060504,G,CAJAMARCA CONTUMAZA GUZMANGO
060505,G,CAJAMARCA CONTUMAZA SAN BENITO
060506,G,CAJAMARCA CONTUMAZA SANTA CRUZ DE TOLEDO
060507,F,CAJAMARCA CONTUMAZA TANTARICA
060508,F,CAJAMARCA CONTUMAZA YONAN
060601,A,CAJAMARCA CUTERVO CUTERVO
060602,G,CAJAMARCA CUTERVO CALLAYUC
060603,G,CAJAMARCA CUTERVO CHOROS
060604,G,CAJAMARCA CUTERVO CUJILLO
060605,G,CAJAMARCA CUTERVO LA RAMADA
060606,G,CAJAMARCA CUTERVO PIMPINGOS
060607,G,CAJAMARCA CUTERVO QUEROCOTILLO
060608,G,CAJAMARCA CUTERVO SAN ANDRES DE CUTERVO
060609,G,CAJAMARCA CUTERVO SAN JUAN DE CUTERVO
060610,G,CAJAMARCA CUTERVO SAN LUIS DE LUCMA
060611,G,CAJAMARCA CUTERVO SANTA CRUZ
060612,G,CAJAMARCA CUTERVO SANTO DOMINGO DE LA CAPILLA
060613,G,CAJAMARCA CUTERVO SANTO TOMAS
060614,G,CAJAMARCA CUTERVO SOCOTA
060615,C,CAJAMARCA CUTERVO TORIBIO CASANOVA G N°
060701,B,CAJAMARCA HUALGAYOC HUALGAYOC - BAMBAMARCA
060702,G,CAJAMARCA HUALGAYOC CHUGUR
060703,G,CAJAMARCA HUALGAYOC HUALGAYOC
060801,A,CAJAMARCA JAEN JAEN
060802,F,CAJAMARCA JAEN BELLAVISTA
060803,G,CAJAMARCA JAEN CHONTALI
060804,G,CAJAMARCA JAEN COLASAY
060805,G,CAJAMARCA JAEN HUABAL
060806,G,CAJAMARCA JAEN LAS PIRIAS
060807,G,CAJAMARCA JAEN POMAHUACA
060808,F,CAJAMARCA JAEN PUCARA
060809,G,CAJAMARCA JAEN SALLIQUE
060810,G,CAJAMARCA JAEN SAN FELIPE
060811,G,CAJAMARCA JAEN SAN JOSE DEL ALTO
060812,G,CAJAMARCA JAEN SANTA ROSA
060901,B,CAJAMARCA SAN IGNACIO SAN IGNACIO
060902,G,CAJAMARCA SAN IGNACIO CHIRINOS
060903,G,CAJAMARCA SAN IGNACIO HUARANGO
060904,G,CAJAMARCA SAN IGNACIO LA COIPA
060905,G,CAJAMARCA SAN IGNACIO NAMBALLE
060906,G,CAJAMARCA SAN IGNACIO SAN JOSE DE LOURDES
060907,G,CAJAMARCA SAN IGNACIO TABACONAS
061001,B,CAJAMARCA SAN MARCOS SAN MARCOS -PEDRO GALVEZ
061002,G,CAJAMARCA SAN MARCOS CHANCAY
061003,F,CAJAMARCA SAN MARCOS EDUARDO VILLANUEVA
061004,G,CAJAMARCA SAN MARCOS GREGORIO PITA
061005,G,CAJAMARCA SAN MARCOS ICHOCAN
061006,G,CAJAMARCA SAN MARCOS JOSE MANUEL QUIROZ
061007,G,CAJAMARCA SAN MARCOS JOSE SABOGAL
061101,B,CAJAMARCA SAN MIGUEL SAN MIGUEL
061102,F,CAJAMARCA SAN MIGUEL BOLIVAR
061103,G,CAJAMARCA SAN MIGUEL CALQUIS
061104,G,CAJAMARCA SAN MIGUEL CATILLUC
061105,G,CAJAMARCA SAN MIGUEL EL PRADO
061106,G,CAJAMARCA SAN MIGUEL LA FLORIDA
061107,G,CAJAMARCA SAN MIGUEL LLAPA
061108,G,CAJAMARCA SAN MIGUEL NANCHOC
061109,G,CAJAMARCA SAN MIGUEL NIEPOS
061110,G,CAJAMARCA SAN MIGUEL SAN GREGORIO
061111,G,CAJAMARCA SAN MIGUEL SAN SILVESTRE DE COCHAN
061112,G,CAJAMARCA SAN MIGUEL TONGOD
061113,G,CAJAMARCA SAN MIGUEL UNION AGUA BLANCA
061201,C,CAJAMARCA SAN PABLO SAN PABLO B N°
061202,G,CAJAMARCA SAN PABLO SAN BERNARDINO
061203,G,CAJAMARCA SAN PABLO SAN LUIS
061204,G,CAJAMARCA SAN PABLO TUMBADEN
061301,B,CAJAMARCA SANTA CRUZ SANTA CRUZ
061302,G,CAJAMARCA SANTA CRUZ ANDABAMBA
061303,G,CAJAMARCA SANTA CRUZ CATACHE
061304,G,CAJAMARCA SANTA CRUZ CHANCAYBAÑOS
061305,G,CAJAMARCA SANTA CRUZ LA ESPERANZA
061306,G,CAJAMARCA SANTA CRUZ NINABAMBA
061307,G,CAJAMARCA SANTA CRUZ PULAN
061308,G,CAJAMARCA SANTA CRUZ SAUCEPAMPA
061309,F,CAJAMARCA SANTA CRUZ SEXI
061310,G,CAJAMARCA SANTA CRUZ UTICYACU
061311,G,CAJAMARCA SANTA CRUZ YAUYUCAN
070101,A,PROV. CONSTITUCIONAL DEL CALLAO PROV.CONSTITUCIONAL DEL CALLAO CALLAO
070102,D,PROV. CONSTITUCIONAL DEL CALLAO PROV.CONSTITUCIONAL DEL CALLAO BELLAVISTA
070103,D,PROV. CONSTITUCIONAL DEL CALLAO PROV.CONSTITUCIONAL DEL CALLAO CARMEN DE LA LEGUA REYNOSO
070104,D,PROV. CONSTITUCIONAL DEL CALLAO PROV.CONSTITUCIONAL DEL CALLAO LA PERLA
070105,D,PROV. CONSTITUCIONAL DEL CALLAO PROV.CONSTITUCIONAL DEL CALLAO LA PUNTA
070106,D,PROV. CONSTITUCIONAL DEL CALLAO PROV.CONSTITUCIONAL DEL CALLAO VENTANILLA
070107,D,PROV. CONSTITUCIONAL DEL CALLAO PROV.CONSTITUCIONAL DEL CALLAO MI PERÚ
080101,A,CUSCO CUSCO CUSCO
080102,G,CUSCO CUSCO CCORCA
080103,F,CUSCO CUSCO POROY
080104,D,CUSCO CUSCO SAN JERONIMO
080105,D,CUSCO CUSCO SAN SEBASTIAN
080106,D,CUSCO CUSCO SANTIAGO
080107,F,CUSCO CUSCO SAYLLA
080108,D,CUSCO CUSCO WANCHAQ
080201,B,CUSCO ACOMAYO ACOMAYO
080202,F,CUSCO ACOMAYO ACOPIA
080203,F,CUSCO ACOMAYO ACOS
080204,F,CUSCO ACOMAYO MOSOC LLACTA
080205,F,CUSCO ACOMAYO POMACANCHI
080206,F,CUSCO ACOMAYO RONDOCAN
080207,E,CUSCO ACOMAYO SANGARARA
080301,B,CUSCO ANTA ANTA
080302,F,CUSCO ANTA ANCAHUASI
080303,C,CUSCO ANTA CACHIMAYO F N°
080304,G,CUSCO ANTA CHINCHAYPUJIO
080305,F,CUSCO ANTA HUAROCONDO
080306,G,CUSCO ANTA LIMATAMBO
080307,F,CUSCO ANTA MOLLEPATA
080308,F,CUSCO ANTA PUCYURA
080309,F,CUSCO ANTA ZURITE
080401,B,CUSCO CALCA CALCA
080402,E,CUSCO CALCA COYA
080403,F,CUSCO CALCA LAMAY
080404,F,CUSCO CALCA LARES
080405,F,CUSCO CALCA PISAC
080406,G,CUSCO CALCA SAN SALVADOR
080407,F,CUSCO CALCA TARAY
080408,G,CUSCO CALCA YANATILE
080501,B,CUSCO CANAS CANAS -YANAOCA
080502,G,CUSCO CANAS CHECCA
080503,G,CUSCO CANAS KUNTURKANKI
080504,G,CUSCO CANAS LANGUI
080505,G,CUSCO CANAS LAYO
080506,F,CUSCO CANAS PAMPAMARCA
080507,G,CUSCO CANAS QUEHUE
080508,G,CUSCO CANAS TUPAC AMARU
080601,A,CUSCO CANCHIS CANCHIS -SICUANI
080602,F,CUSCO CANCHIS CHECACUPE
080603,F,CUSCO CANCHIS COMBAPATA
080604,G,CUSCO CANCHIS MARANGANI
080605,F,CUSCO CANCHIS PITUMARCA
080606,F,CUSCO CANCHIS SAN PABLO
080607,F,CUSCO CANCHIS SAN PEDRO
080608,F,CUSCO CANCHIS TINTA
080701,B,CUSCO CHUMBIVILCAS CHUMBIVILCAS - SANTO TOMAS
080702,G,CUSCO CHUMBIVILCAS CAPACMARCA
080703,G,CUSCO CHUMBIVILCAS CHAMACA
080704,G,CUSCO CHUMBIVILCAS COLQUEMARCA
080705,G,CUSCO CHUMBIVILCAS LIVITACA
080706,G,CUSCO CHUMBIVILCAS LLUSCO
080707,G,CUSCO CHUMBIVILCAS QUIÑOTA
080708,F,CUSCO CHUMBIVILCAS VELILLE
080801,A,CUSCO ESPINAR ESPINAR
080802,F,CUSCO ESPINAR CONDOROMA
080803,G,CUSCO ESPINAR COPORAQUE
080804,G,CUSCO ESPINAR OCORURO
080805,F,CUSCO ESPINAR PALLPATA
080806,C,CUSCO ESPINAR PICHIGUA G N°
080807,G,CUSCO ESPINAR SUYCKUTAMBO
080808,G,CUSCO ESPINAR ALTO PICHIGUA
080901,A,CUSCO LA CONVENCION LA CONVENCION - SANTA ANA
080902,G,CUSCO LA CONVENCION ECHARATE
080903,F,CUSCO LA CONVENCION HUAYOPATA
080904,G,CUSCO LA CONVENCION MARANURA
080905,G,CUSCO LA CONVENCION OCOBAMBA
080906,G,CUSCO LA CONVENCION QUELLOUNO
080907,F,CUSCO LA CONVENCION QUIMBIRI
080908,G,CUSCO LA CONVENCION SANTA TERESA
080909,G,CUSCO LA CONVENCION VILCABAMBA
080910,E,CUSCO LA CONVENCION PICHARI
080911,G,CUSCO LA CONVENCION INKAWASI
080912,F,CUSCO LA CONVENCION VILLA VIRGEN
080913,G,CUSCO LA CONVENCION VILLA KINTIARINA
080914,G,CUSCO LA CONVENCION MEGANTONI
080915,G,CUSCO LA CONVENCION KUMPIRUSHIATO
080916,G,CUSCO LA CONVENCION CIELO PUNCO
080917,G,CUSCO LA CONVENCION MANITEA
080918,G,CUSCO LA CONVENCION UNIÓN ASHÁNINKA
081001,B,CUSCO PARURO PARURO
081002,F,CUSCO PARURO ACCHA
081003,G,CUSCO PARURO CCAPI
081004,E,CUSCO PARURO COLCHA
081005,F,CUSCO PARURO HUANOQUITE
081006,G,CUSCO PARURO OMACHA
081007,F,CUSCO PARURO PACCARITAMBO
081008,E,CUSCO PARURO PILLPINTO
081009,G,CUSCO PARURO YAURISQUE
081101,B,CUSCO PAUCARTAMBO PAUCARTAMBO
081102,G,CUSCO PAUCARTAMBO CAICAY
081103,G,CUSCO PAUCARTAMBO CHALLABAMBA
081104,G,CUSCO PAUCARTAMBO COLQUEPATA
081105,G,CUSCO PAUCARTAMBO HUANCARANI
081106,F,CUSCO PAUCARTAMBO KOSÑIPATA
081201,B,CUSCO QUISPICANCHIS QUISPICANCHI - URCOS
081202,E,CUSCO QUISPICANCHIS ANDAHUAYLILLAS
081203,E,CUSCO QUISPICANCHIS CAMANTI
081204,G,CUSCO QUISPICANCHIS CCARHUAYO
081205,G,CUSCO QUISPICANCHIS CCATCA
081206,G,CUSCO QUISPICANCHIS CUSIPATA
081207,F,CUSCO QUISPICANCHIS HUARO
081208,E,CUSCO QUISPICANCHIS LUCRE
081209,C,CUSCO QUISPICANCHIS MARCAPATA G N°
081210,G,CUSCO QUISPICANCHIS OCONGATE
081211,E,CUSCO QUISPICANCHIS OROPESA
081212,G,CUSCO QUISPICANCHIS QUIQUIJANA
081301,B,CUSCO URUBAMBA URUBAMBA
081302,F,CUSCO URUBAMBA CHINCHERO
081303,F,CUSCO URUBAMBA HUAYLLABAMBA
081304,E,CUSCO URUBAMBA MACHUPICCHU
081305,G,CUSCO URUBAMBA MARAS
081306,G,CUSCO URUBAMBA OLLANTAYTAMBO
081307,E,CUSCO URUBAMBA YUCAY
090101,A,HUANCAVELICA HUANCAVELICA HUANCAVELICA
090102,G,HUANCAVELICA HUANCAVELICA ACOBAMBILLA
090103,G,HUANCAVELICA HUANCAVELICA ACORIA
090104,E,HUANCAVELICA HUANCAVELICA CONAYCA
090105,G,HUANCAVELICA HUANCAVELICA CUENCA
090106,F,HUANCAVELICA HUANCAVELICA HUACHOCOLPA
090107,E,HUANCAVELICA HUANCAVELICA HUAYLLAHUARA
090108,F,HUANCAVELICA HUANCAVELICA IZCUCHACA
090109,F,HUANCAVELICA HUANCAVELICA LARIA
090110,G,HUANCAVELICA HUANCAVELICA MANTA
090111,E,HUANCAVELICA HUANCAVELICA MARISCAL CACERES
090112,F,HUANCAVELICA HUANCAVELICA MOYA
090113,G,HUANCAVELICA HUANCAVELICA NUEVO OCCORO
090114,G,HUANCAVELICA HUANCAVELICA PALCA
090115,F,HUANCAVELICA HUANCAVELICA PILCHACA
090116,G,HUANCAVELICA HUANCAVELICA VILCA
090117,G,HUANCAVELICA HUANCAVELICA YAULI
090118,D,HUANCAVELICA HUANCAVELICA ASCENSION
090119,G,HUANCAVELICA HUANCAVELICA HUANDO
090201,B,HUANCAVELICA ACOBAMBA ACOBAMBA
090202,G,HUANCAVELICA ACOBAMBA ANDABAMBA
090203,G,HUANCAVELICA ACOBAMBA ANTA
090204,F,HUANCAVELICA ACOBAMBA CAJA
090205,F,HUANCAVELICA ACOBAMBA MARCAS
090206,F,HUANCAVELICA ACOBAMBA PAUCARA
090207,F,HUANCAVELICA ACOBAMBA POMACOCHA
090208,F,HUANCAVELICA ACOBAMBA ROSARIO
090301,B,HUANCAVELICA ANGARAES ANGARAES -LIRCAY
090302,G,HUANCAVELICA ANGARAES ANCHONGA
090303,E,HUANCAVELICA ANGARAES CALLANMARCA
090304,F,HUANCAVELICA ANGARAES CCOCHACCASA
090305,G,HUANCAVELICA ANGARAES CHINCHO
090306,G,HUANCAVELICA ANGARAES CONGALLA
090307,F,HUANCAVELICA ANGARAES HUANCA-HUANCA
090308,C,HUANCAVELICA ANGARAES HUAYLLAY GRANDE E N°
090309,F,HUANCAVELICA ANGARAES JULCAMARCA
090310,G,HUANCAVELICA ANGARAES SAN ANTONIO DE ANTAPARCO
090311,G,HUANCAVELICA ANGARAES SANTO TOMAS DE PATA
090312,G,HUANCAVELICA ANGARAES SECCLLA
090401,B,HUANCAVELICA CASTROVIRREYNA CASTROVIRREYNA
090402,G,HUANCAVELICA CASTROVIRREYNA ARMA
090403,F,HUANCAVELICA CASTROVIRREYNA AURAHUA
090404,G,HUANCAVELICA CASTROVIRREYNA CAPILLAS
090405,G,HUANCAVELICA CASTROVIRREYNA CHUPAMARCA
090406,G,HUANCAVELICA CASTROVIRREYNA COCAS
090407,G,HUANCAVELICA CASTROVIRREYNA HUACHOS
090408,F,HUANCAVELICA CASTROVIRREYNA HUAMATAMBO
090409,G,HUANCAVELICA CASTROVIRREYNA MOLLEPAMPA
090410,G,HUANCAVELICA CASTROVIRREYNA SAN JUAN
090411,G,HUANCAVELICA CASTROVIRREYNA SANTA ANA
090412,F,HUANCAVELICA CASTROVIRREYNA TANTARA
090413,F,HUANCAVELICA CASTROVIRREYNA TICRAPO
090501,B,HUANCAVELICA CHURCAMPA CHURCAMPA
090502,G,HUANCAVELICA CHURCAMPA ANCO
090503,G,HUANCAVELICA CHURCAMPA CHINCHIHUASI
090504,G,HUANCAVELICA CHURCAMPA EL CARMEN
090505,F,HUANCAVELICA CHURCAMPA LA MERCED
090506,G,HUANCAVELICA CHURCAMPA LOCROJA
090507,G,HUANCAVELICA CHURCAMPA PAUCARBAMBA
090508,F,HUANCAVELICA CHURCAMPA SAN MIGUEL DE MAYOCC
090509,F,HUANCAVELICA CHURCAMPA SAN PEDRO DE CORIS
090510,G,HUANCAVELICA CHURCAMPA PACHAMARCA
090511,G,HUANCAVELICA CHURCAMPA COSME
090601,B,HUANCAVELICA HUAYTARA HUAYTARA
090602,F,HUANCAVELICA HUAYTARA AYAVI
090603,G,HUANCAVELICA HUAYTARA CORDOVA
090604,F,HUANCAVELICA HUAYTARA HUAYACUNDO ARMA
090605,E,HUANCAVELICA HUAYTARA LARAMARCA
090606,G,HUANCAVELICA HUAYTARA OCOYO
090607,G,HUANCAVELICA HUAYTARA PILPICHACA
090608,F,HUANCAVELICA HUAYTARA QUERCO
090609,G,HUANCAVELICA HUAYTARA QUITO-ARMA
090610,G,HUANCAVELICA HUAYTARA SAN ANTONIO DE CUSICANCHA
090611,G,HUANCAVELICA HUAYTARA SAN FRANCISCO DE SANGAYAICO
090612,G,HUANCAVELICA HUAYTARA SAN ISIDRO
090613,G,HUANCAVELICA HUAYTARA SANTIAGO DE CHOCORVOS
090614,C,HUANCAVELICA HUAYTARA SANTIAGO DE QUIRAHUARA F N°
090615,G,HUANCAVELICA HUAYTARA SANTO DOMINGO DE CAPILLAS
090616,F,HUANCAVELICA HUAYTARA TAMBO
090701,B,HUANCAVELICA TAYACAJA TAYACAJA -PAMPAS
090702,G,HUANCAVELICA TAYACAJA ACOSTAMBO
090703,G,HUANCAVELICA TAYACAJA ACRAQUIA
090704,G,HUANCAVELICA TAYACAJA AHUAYCHA
090705,G,HUANCAVELICA TAYACAJA COLCABAMBA
090706,F,HUANCAVELICA TAYACAJA DANIEL HERNANDEZ
090707,G,HUANCAVELICA TAYACAJA HUACHOCOLPA
090709,G,HUANCAVELICA TAYACAJA HUARIBAMBA
090710,E,HUANCAVELICA TAYACAJA ÑAHUIMPUQUIO
090711,F,HUANCAVELICA TAYACAJA PAZOS
090713,E,HUANCAVELICA TAYACAJA QUISHUAR
090714,G,HUANCAVELICA TAYACAJA SALCABAMBA
090715,G,HUANCAVELICA TAYACAJA SALCAHUASI
090716,G,HUANCAVELICA TAYACAJA SAN MARCOS DE ROCCHAC
090717,G,HUANCAVELICA TAYACAJA SURCUBAMBA
090718,G,HUANCAVELICA TAYACAJA TINTAY PUNCU
090719,G,HUANCAVELICA TAYACAJA QUICHUAS
090720,G,HUANCAVELICA TAYACAJA ANDAYMARCA
090721,F,HUANCAVELICA TAYACAJA ROBLE
090722,F,HUANCAVELICA TAYACAJA PICHOS
090723,F,HUANCAVELICA TAYACAJA SANTIAGO DE TUCUMA
090724,G,HUANCAVELICA TAYACAJA LAMBRAS
090725,G,HUANCAVELICA TAYACAJA COCHABAMBA
100101,A,HUANUCO HUANUCO HUANUCO
100102,D,HUANUCO HUANUCO AMARILIS
100103,G,HUANUCO HUANUCO CHINCHAO
100104,G,HUANUCO HUANUCO CHURUBAMBA
100105,F,HUANUCO HUANUCO MARGOS
100106,G,HUANUCO HUANUCO QUISQUI
100107,G,HUANUCO HUANUCO SAN FRANCISCO DE CAYRAN
100108,G,HUANUCO HUANUCO SAN PEDRO DE CHAULAN
100109,G,HUANUCO HUANUCO SANTA MARIA DEL VALLE
100110,G,HUANUCO HUANUCO YARUMAYO
100111,D,HUANUCO HUANUCO PILLCO MARCA
100112,F,HUANUCO HUANUCO YACUS
100113,G,HUANUCO HUANUCO SAN PABLO DE PILLAO
100201,B,HUANUCO AMBO AMBO
100202,F,HUANUCO AMBO CAYNA
100203,G,HUANUCO AMBO COLPAS
100204,C,HUANUCO AMBO CONCHAMARCA G N°
100205,G,HUANUCO AMBO HUACAR
100206,F,HUANUCO AMBO SAN FRANCISCO
100207,G,HUANUCO AMBO SAN RAFAEL
100208,F,HUANUCO AMBO TOMAY KICHWA
100301,B,HUANUCO DOS DE MAYO DOS DE MAYO -LA UNION
100307,F,HUANUCO DOS DE MAYO CHUQUIS
100311,F,HUANUCO DOS DE MAYO MARIAS
100313,F,HUANUCO DOS DE MAYO PACHAS
100316,F,HUANUCO DOS DE MAYO QUIVILLA
100317,F,HUANUCO DOS DE MAYO RIPAN
100321,G,HUANUCO DOS DE MAYO SHUNQUI
100322,G,HUANUCO DOS DE MAYO SILLAPATA
100323,F,HUANUCO DOS DE MAYO YANAS
100401,B,HUANUCO HUACAYBAMBA HUACAYBAMBA
100402,G,HUANUCO HUACAYBAMBA CANCHABAMBA
100403,G,HUANUCO HUACAYBAMBA COCHABAMBA
100404,G,HUANUCO HUACAYBAMBA PINRA
100501,B,HUANUCO HUAMALIES HUAMALIES -LLATA
100502,G,HUANUCO HUAMALIES ARANCAY
100503,F,HUANUCO HUAMALIES CHAVIN DE PARIARCA
100504,G,HUANUCO HUAMALIES JACAS GRANDE
100505,G,HUANUCO HUAMALIES JIRCAN
100506,F,HUANUCO HUAMALIES MIRAFLORES
100507,F,HUANUCO HUAMALIES MONZON
100508,E,HUANUCO HUAMALIES PUNCHAO
100509,G,HUANUCO HUAMALIES PUÑOS
100510,G,HUANUCO HUAMALIES SINGA
100511,G,HUANUCO HUAMALIES TANTAMAYO
100601,A,HUANUCO LEONCIO PRADO LEONCIO PRADO - RUPA-RUPA
100602,G,HUANUCO LEONCIO PRADO DANIEL ALOMIAS ROBLES
100603,G,HUANUCO LEONCIO PRADO HERMILIO VALDIZAN
100604,E,HUANUCO LEONCIO PRADO JOSE CRESPO Y CASTILLO
100605,F,HUANUCO LEONCIO PRADO LUYANDO
100606,D,HUANUCO LEONCIO PRADO MARIANO DAMASO BERAUN
100607,G,HUANUCO LEONCIO PRADO PUCAYACU
100608,D,HUANUCO LEONCIO PRADO CASTILLO GRANDE
100609,G,HUANUCO LEONCIO PRADO PUEBLO NUEVO
100610,G,HUANUCO LEONCIO PRADO SANTO DOMINGO DE ANDA
100701,B,HUANUCO MARAÑON MARAÑON - HUACRACHUCO
100702,F,HUANUCO MARAÑON CHOLON
100703,G,HUANUCO MARAÑON SAN BUENAVENTURA
100704,C,HUANUCO MARAÑON LA MORADA F N°
100705,F,HUANUCO MARAÑON SANTA ROSA DE ALTO YANAJANCA
100801,B,HUANUCO PACHITEA PACHITEA -PANAO
100802,F,HUANUCO PACHITEA CHAGLLA
100803,F,HUANUCO PACHITEA MOLINO
100804,G,HUANUCO PACHITEA UMARI
100901,B,HUANUCO PUERTO INCA PUERTO INCA
100902,G,HUANUCO PUERTO INCA CODO DEL POZUZO
100903,G,HUANUCO PUERTO INCA HONORIA
100904,G,HUANUCO PUERTO INCA TOURNAVISTA
100905,G,HUANUCO PUERTO INCA YUYAPICHIS
101001,B,HUANUCO LAURICOCHA LAURICOCHA -JESUS
101002,F,HUANUCO LAURICOCHA BAÑOS
101003,G,HUANUCO LAURICOCHA JIVIA
101004,E,HUANUCO LAURICOCHA QUEROPALCA
101005,G,HUANUCO LAURICOCHA RONDOS
101006,F,HUANUCO LAURICOCHA SAN FRANCISCO DE ASIS
101007,G,HUANUCO LAURICOCHA SAN MIGUEL DE CAURI
101101,B,HUANUCO YAROWILCA YAROWILCA - CHAVINILLO
101102,F,HUANUCO YAROWILCA CAHUAC
101103,G,HUANUCO YAROWILCA CHACABAMBA
101104,G,HUANUCO YAROWILCA APARICIO POMARES
101105,G,HUANUCO YAROWILCA JACAS CHICO
101106,G,HUANUCO YAROWILCA OBAS
101107,G,HUANUCO YAROWILCA PAMPAMARCA
101108,G,HUANUCO YAROWILCA CHORAS
110101,A,ICA ICA ICA
110102,D,ICA ICA LA TINGUIÑA
110103,D,ICA ICA LOS AQUIJES
110104,F,ICA ICA OCUCAJE
110105,E,ICA ICA PACHACUTEC
110106,D,ICA ICA PARCONA
110107,F,ICA ICA PUEBLO NUEVO
110108,D,ICA ICA SALAS
110109,E,ICA ICA SAN JOSE DE LOS MOLINOS
110110,D,ICA ICA SAN JUAN BAUTISTA
110111,E,ICA ICA SANTIAGO
110112,D,ICA ICA SUBTANJALLA
110113,E,ICA ICA TATE
110114,G,ICA ICA YAUCA DEL ROSARIO
110201,A,ICA CHINCHA CHINCHA -CHINCHA ALTA
110202,E,ICA CHINCHA ALTO LARAN
110203,C,ICA CHINCHA CHAVIN G N°
110204,F,ICA CHINCHA CHINCHA BAJA
110205,F,ICA CHINCHA EL CARMEN
110206,D,ICA CHINCHA GROCIO PRADO
110207,D,ICA CHINCHA PUEBLO NUEVO
110208,G,ICA CHINCHA SAN JUAN DE YANAC
110209,G,ICA CHINCHA SAN PEDRO DE HUACARPANA
110210,D,ICA CHINCHA SUNAMPE
110211,E,ICA CHINCHA TAMBO DE MORA
110301,A,ICA NASCA NASCA
110302,F,ICA NASCA CHANGUILLO
110303,F,ICA NASCA EL INGENIO
110304,E,ICA NASCA MARCONA
110305,D,ICA NASCA VISTA ALEGRE
110401,B,ICA PALPA PALPA
110402,E,ICA PALPA LLIPATA
110403,F,ICA PALPA RIO GRANDE
110404,F,ICA PALPA SANTA CRUZ
110405,F,ICA PALPA TIBILLO
110501,A,ICA PISCO PISCO
110502,G,ICA PISCO HUANCANO
110503,F,ICA PISCO HUMAY
110504,F,ICA PISCO INDEPENDENCIA
110505,E,ICA PISCO PARACAS
110506,D,ICA PISCO SAN ANDRES
110507,D,ICA PISCO SAN CLEMENTE
110508,D,ICA PISCO TUPAC AMARU INCA
120101,A,JUNIN HUANCAYO HUANCAYO
120104,E,JUNIN HUANCAYO CARHUACALLANGA
120105,F,JUNIN HUANCAYO CHACAPAMPA
120106,F,JUNIN HUANCAYO CHICCHE
120107,D,JUNIN HUANCAYO CHILCA
120108,F,JUNIN HUANCAYO CHONGOS ALTO
120111,F,JUNIN HUANCAYO CHUPURO
120112,F,JUNIN HUANCAYO COLCA
120113,F,JUNIN HUANCAYO CULLHUAS
120114,D,JUNIN HUANCAYO EL TAMBO
120116,E,JUNIN HUANCAYO HUACRAPUQUIO
120117,D,JUNIN HUANCAYO HUALHUAS
120119,D,JUNIN HUANCAYO HUANCAN
120120,E,JUNIN HUANCAYO HUASICANCHA
120121,D,JUNIN HUANCAYO HUAYUCACHI
120122,E,JUNIN HUANCAYO INGENIO
120124,G,JUNIN HUANCAYO PARIAHUANCA
120125,C,JUNIN HUANCAYO PILCOMAYO D N°
120126,F,JUNIN HUANCAYO PUCARA
120127,F,JUNIN HUANCAYO QUICHUAY
120128,E,JUNIN HUANCAYO QUILCAS
120129,D,JUNIN HUANCAYO SAN AGUSTIN
120130,E,JUNIN HUANCAYO SAN JERONIMO DE TUNAN
120132,E,JUNIN HUANCAYO SAÑO
120133,D,JUNIN HUANCAYO SAPALLANGA
120134,D,JUNIN HUANCAYO SICAYA
120135,G,JUNIN HUANCAYO SANTO DOMINGO DE ACOBAMBA
120136,E,JUNIN HUANCAYO VIQUES
120201,B,JUNIN CONCEPCION CONCEPCION
120202,E,JUNIN CONCEPCION ACO
120203,G,JUNIN CONCEPCION ANDAMARCA
120204,G,JUNIN CONCEPCION CHAMBARA
120205,G,JUNIN CONCEPCION COCHAS
120206,G,JUNIN CONCEPCION COMAS
120207,G,JUNIN CONCEPCION HEROINAS TOLEDO
120208,E,JUNIN CONCEPCION MANZANARES
120209,G,JUNIN CONCEPCION MARISCAL CASTILLA
120210,E,JUNIN CONCEPCION MATAHUASI
120211,F,JUNIN CONCEPCION MITO
120212,E,JUNIN CONCEPCION NUEVE DE JULIO
120213,E,JUNIN CONCEPCION ORCOTUNA
120214,F,JUNIN CONCEPCION SAN JOSE DE QUERO
120215,E,JUNIN CONCEPCION SANTA ROSA DE OCOPA
120301,A,JUNIN CHANCHAMAYO CHANCHAMAYO
120302,D,JUNIN CHANCHAMAYO PERENE
120303,D,JUNIN CHANCHAMAYO PICHANAQUI
120304,F,JUNIN CHANCHAMAYO SAN LUIS DE SHUARO
120305,D,JUNIN CHANCHAMAYO SAN RAMON
120306,G,JUNIN CHANCHAMAYO VITOC
120401,A,JUNIN JAUJA JAUJA
120402,E,JUNIN JAUJA ACOLLA
120403,F,JUNIN JAUJA APATA
120404,E,JUNIN JAUJA ATAURA
120405,E,JUNIN JAUJA CANCHAYLLO
120406,G,JUNIN JAUJA CURICACA
120407,E,JUNIN JAUJA EL MANTARO
120408,E,JUNIN JAUJA HUAMALI
120409,E,JUNIN JAUJA HUARIPAMPA
120410,E,JUNIN JAUJA HUERTAS
120411,G,JUNIN JAUJA JANJAILLO
120412,E,JUNIN JAUJA JULCAN
120413,C,JUNIN JAUJA LEONOR ORDOÑEZ E N°
120414,E,JUNIN JAUJA LLOCLLAPAMPA
120415,E,JUNIN JAUJA MARCO
120416,F,JUNIN JAUJA MASMA
120417,G,JUNIN JAUJA MASMA CHICCHE
120418,E,JUNIN JAUJA MOLINOS
120419,G,JUNIN JAUJA MONOBAMBA
120420,E,JUNIN JAUJA MUQUI
120421,E,JUNIN JAUJA MUQUIYAUYO
120422,F,JUNIN JAUJA PACA
120423,G,JUNIN JAUJA PACCHA
120424,F,JUNIN JAUJA PANCAN
120425,E,JUNIN JAUJA PARCO
120426,F,JUNIN JAUJA POMACANCHA
120427,F,JUNIN JAUJA RICRAN
120428,E,JUNIN JAUJA SAN LORENZO
120429,E,JUNIN JAUJA SAN PEDRO DE CHUNAN
120430,D,JUNIN JAUJA SAUSA
120431,F,JUNIN JAUJA SINCOS
120432,E,JUNIN JAUJA TUNAN MARCA
120433,E,JUNIN JAUJA YAULI
120434,D,JUNIN JAUJA YAUYOS
120501,B,JUNIN JUNIN JUNIN
120502,E,JUNIN JUNIN CARHUAMAYO
120503,F,JUNIN JUNIN ONDORES
120504,G,JUNIN JUNIN ULCUMAYO
120601,A,JUNIN SATIPO SATIPO
120602,G,JUNIN SATIPO COVIRIALI
120603,G,JUNIN SATIPO LLAYLLA
120604,F,JUNIN SATIPO MAZAMARI
120605,G,JUNIN SATIPO PAMPA HERMOSA
120606,D,JUNIN SATIPO PANGOA
120607,G,JUNIN SATIPO RIO NEGRO
120608,G,JUNIN SATIPO RIO TAMBO
120609,G,JUNIN SATIPO VIZCATÁN DEL ENE
120701,A,JUNIN TARMA TARMA
120702,F,JUNIN TARMA ACOBAMBA
120703,F,JUNIN TARMA HUARICOLCA
120704,F,JUNIN TARMA HUASAHUASI
120705,E,JUNIN TARMA LA UNION
120706,F,JUNIN TARMA PALCA
120707,F,JUNIN TARMA PALCAMAYO
120708,E,JUNIN TARMA SAN PEDRO DE CAJAS
120709,G,JUNIN TARMA TAPO
120801,C,JUNIN YAULI YAULI -LA OROYA A N°
120802,F,JUNIN YAULI CHACAPALPA
120803,E,JUNIN YAULI HUAY-HUAY
120804,F,JUNIN YAULI MARCAPOMACOCHA
120805,E,JUNIN YAULI MOROCOCHA
120806,E,JUNIN YAULI PACCHA
120807,F,JUNIN YAULI SANTA BARBARA DE CARHUACAYAN
120808,D,JUNIN YAULI SANTA ROSA DE SACCO
120809,F,JUNIN YAULI SUITUCANCHA
120810,E,JUNIN YAULI YAULI
120901,A,JUNIN CHUPACA CHUPACA
120902,F,JUNIN CHUPACA AHUAC
120903,E,JUNIN CHUPACA CHONGOS BAJO
120904,F,JUNIN CHUPACA HUACHAC
120905,E,JUNIN CHUPACA HUAMANCACA CHICO
120906,F,JUNIN CHUPACA SAN JUAN DE YSCOS
120907,F,JUNIN CHUPACA SAN JUAN DE JARPA
120908,E,JUNIN CHUPACA TRES DE DICIEMBRE
120909,G,JUNIN CHUPACA YANACANCHA
130101,A,LA LIBERTAD TRUJILLO TRUJILLO
130102,D,LA LIBERTAD TRUJILLO EL PORVENIR
130103,D,LA LIBERTAD TRUJILLO FLORENCIA DE MORA
130104,D,LA LIBERTAD TRUJILLO HUANCHACO
130105,D,LA LIBERTAD TRUJILLO LA ESPERANZA
130106,D,LA LIBERTAD TRUJILLO LAREDO
130107,D,LA LIBERTAD TRUJILLO MOCHE
130108,G,LA LIBERTAD TRUJILLO POROTO
130109,D,LA LIBERTAD TRUJILLO SALAVERRY
130110,G,LA LIBERTAD TRUJILLO SIMBAL
130111,D,LA LIBERTAD TRUJILLO VICTOR LARCO HERRERA
130112,G,LA LIBERTAD TRUJILLO ALTO TRUJILLO
130201,B,LA LIBERTAD ASCOPE ASCOPE
130202,E,LA LIBERTAD ASCOPE CHICAMA
130203,E,LA LIBERTAD ASCOPE CHOCOPE
130204,E,LA LIBERTAD ASCOPE MAGDALENA DE CAO
130205,D,LA LIBERTAD ASCOPE PAIJAN
130206,F,LA LIBERTAD ASCOPE RAZURI
130207,E,LA LIBERTAD ASCOPE SANTIAGO DE CAO
130208,D,LA LIBERTAD ASCOPE CASA GRANDE
130301,B,LA LIBERTAD BOLIVAR BOLIVAR
130302,G,LA LIBERTAD BOLIVAR BAMBAMARCA
130303,G,LA LIBERTAD BOLIVAR CONDORMARCA
130304,F,LA LIBERTAD BOLIVAR LONGOTEA
130305,F,LA LIBERTAD BOLIVAR UCHUMARCA
130306,C,LA LIBERTAD BOLIVAR UCUNCHA E N°
130401,A,LA LIBERTAD CHEPEN CHEPEN
130402,E,LA LIBERTAD CHEPEN PACANGA
130403,E,LA LIBERTAD CHEPEN PUEBLO NUEVO
130501,B,LA LIBERTAD JULCAN JULCAN
130502,G,LA LIBERTAD JULCAN CALAMARCA
130503,G,LA LIBERTAD JULCAN CARABAMBA
130504,G,LA LIBERTAD JULCAN HUASO
130601,B,LA LIBERTAD OTUZCO OTUZCO
130602,G,LA LIBERTAD OTUZCO AGALLPAMPA
130604,G,LA LIBERTAD OTUZCO CHARAT
130605,F,LA LIBERTAD OTUZCO HUARANCHAL
130606,G,LA LIBERTAD OTUZCO LA CUESTA
130608,G,LA LIBERTAD OTUZCO MACHE
130610,G,LA LIBERTAD OTUZCO PARANDAY
130611,G,LA LIBERTAD OTUZCO SALPO
130613,G,LA LIBERTAD OTUZCO SINSICAP
130614,G,LA LIBERTAD OTUZCO USQUIL
130701,B,LA LIBERTAD PACASMAYO PACASMAYO -SAN PEDRO DE LLOC
130702,D,LA LIBERTAD PACASMAYO GUADALUPE
130703,E,LA LIBERTAD PACASMAYO JEQUETEPEQUE
130704,D,LA LIBERTAD PACASMAYO PACASMAYO
130705,E,LA LIBERTAD PACASMAYO SAN JOSE
130801,B,LA LIBERTAD PATAZ PATAZ -TAYABAMBA
130802,G,LA LIBERTAD PATAZ BULDIBUYO
130803,G,LA LIBERTAD PATAZ CHILLIA
130804,G,LA LIBERTAD PATAZ HUANCASPATA
130805,F,LA LIBERTAD PATAZ HUAYLILLAS
130806,G,LA LIBERTAD PATAZ HUAYO
130807,G,LA LIBERTAD PATAZ ONGON
130808,F,LA LIBERTAD PATAZ PARCOY
130809,G,LA LIBERTAD PATAZ PATAZ
130810,G,LA LIBERTAD PATAZ PIAS
130811,F,LA LIBERTAD PATAZ SANTIAGO DE CHALLAS
130812,G,LA LIBERTAD PATAZ TAURIJA
130813,G,LA LIBERTAD PATAZ URPAY
130901,A,LA LIBERTAD SANCHEZ CARRION SANCHEZ CARRION - HUAMACHUCO
130902,G,LA LIBERTAD SANCHEZ CARRION CHUGAY
130903,G,LA LIBERTAD SANCHEZ CARRION COCHORCO
130904,G,LA LIBERTAD SANCHEZ CARRION CURGOS
130905,G,LA LIBERTAD SANCHEZ CARRION MARCABAL
130906,G,LA LIBERTAD SANCHEZ CARRION SANAGORAN
130907,G,LA LIBERTAD SANCHEZ CARRION SARIN
130908,G,LA LIBERTAD SANCHEZ CARRION SARTIMBAMBA
131001,C,LA LIBERTAD SANTIAGO DE CHUCO SANTIAGO DE CHUCO B N°
131002,F,LA LIBERTAD SANTIAGO DE CHUCO ANGASMARCA
131003,F,LA LIBERTAD SANTIAGO DE CHUCO CACHICADAN
131004,F,LA LIBERTAD SANTIAGO DE CHUCO MOLLEBAMBA
131005,G,LA LIBERTAD SANTIAGO DE CHUCO MOLLEPATA
131006,F,LA LIBERTAD SANTIAGO DE CHUCO QUIRUVILCA
131007,G,LA LIBERTAD SANTIAGO DE CHUCO SANTA CRUZ DE CHUCA
131008,G,LA LIBERTAD SANTIAGO DE CHUCO SITABAMBA
131101,B,LA LIBERTAD GRAN CHIMU GRAN CHIMU - CASCAS
131102,G,LA LIBERTAD GRAN CHIMU LUCMA
131103,G,LA LIBERTAD GRAN CHIMU MARMOT
131104,G,LA LIBERTAD GRAN CHIMU SAYAPULLO
131201,A,LA LIBERTAD VIRU VIRU
131202,E,LA LIBERTAD VIRU CHAO
131203,E,LA LIBERTAD VIRU GUADALUPITO
140101,A,LAMBAYEQUE CHICLAYO CHICLAYO
140102,E,LAMBAYEQUE CHICLAYO CHONGOYAPE
140103,E,LAMBAYEQUE CHICLAYO ETEN
140104,E,LAMBAYEQUE CHICLAYO ETEN PUERTO
140105,D,LAMBAYEQUE CHICLAYO JOSE LEONARDO ORTIZ
140106,D,LAMBAYEQUE CHICLAYO LA VICTORIA
140107,E,LAMBAYEQUE CHICLAYO LAGUNAS
140108,D,LAMBAYEQUE CHICLAYO MONSEFU
140109,E,LAMBAYEQUE CHICLAYO NUEVA ARICA
140110,E,LAMBAYEQUE CHICLAYO OYOTUN
140111,E,LAMBAYEQUE CHICLAYO PICSI
140112,D,LAMBAYEQUE CHICLAYO PIMENTEL
140113,E,LAMBAYEQUE CHICLAYO REQUE
140114,E,LAMBAYEQUE CHICLAYO SANTA ROSA
140115,E,LAMBAYEQUE CHICLAYO SAÑA
140116,E,LAMBAYEQUE CHICLAYO CAYALTI
140117,E,LAMBAYEQUE CHICLAYO PATAPO
140118,D,LAMBAYEQUE CHICLAYO POMALCA
140119,E,LAMBAYEQUE CHICLAYO PUCALA
140120,D,LAMBAYEQUE CHICLAYO TUMAN
140201,A,LAMBAYEQUE FERREÑAFE FERREÑAFE
140202,G,LAMBAYEQUE FERREÑAFE CAÑARIS
140203,G,LAMBAYEQUE FERREÑAFE INCAHUASI
140204,F,LAMBAYEQUE FERREÑAFE MANUEL ANTONIO MESONES MURO
140205,F,LAMBAYEQUE FERREÑAFE PITIPO
140206,D,LAMBAYEQUE FERREÑAFE PUEBLO NUEVO
140301,A,LAMBAYEQUE LAMBAYEQUE LAMBAYEQUE
140302,G,LAMBAYEQUE LAMBAYEQUE CHOCHOPE
140303,F,LAMBAYEQUE LAMBAYEQUE ILLIMO
140304,C,LAMBAYEQUE LAMBAYEQUE JAYANCA F N°
140305,F,LAMBAYEQUE LAMBAYEQUE MOCHUMI
140306,G,LAMBAYEQUE LAMBAYEQUE MORROPE
140307,F,LAMBAYEQUE LAMBAYEQUE MOTUPE
140308,G,LAMBAYEQUE LAMBAYEQUE OLMOS
140309,F,LAMBAYEQUE LAMBAYEQUE PACORA
140310,G,LAMBAYEQUE LAMBAYEQUE SALAS
140311,E,LAMBAYEQUE LAMBAYEQUE SAN JOSE
140312,F,LAMBAYEQUE LAMBAYEQUE TUCUME
150101,A,LIMA LIMA MUNICIPALIDAD METROPOLITANA DE LIMA
150102,C,LIMA LIMA ANCON
150103,C,LIMA LIMA ATE
150104,C,LIMA LIMA BARRANCO
150105,C,LIMA LIMA BREÑA
150106,C,LIMA LIMA CARABAYLLO
150107,C,LIMA LIMA CHACLACAYO
150108,C,LIMA LIMA CHORRILLOS
150109,C,LIMA LIMA CIENEGUILLA
150110,C,LIMA LIMA COMAS
150111,C,LIMA LIMA EL AGUSTINO
150112,C,LIMA LIMA INDEPENDENCIA
150113,C,LIMA LIMA JESUS MARIA
150114,C,LIMA LIMA LA MOLINA
150115,C,LIMA LIMA LA VICTORIA
150116,C,LIMA LIMA LINCE
150117,C,LIMA LIMA LOS OLIVOS
150118,C,LIMA LIMA LURIGANCHO
150119,C,LIMA LIMA LURIN
150120,C,LIMA LIMA MAGDALENA DEL MAR
150121,C,LIMA LIMA PUEBLO LIBRE
150122,C,LIMA LIMA MIRAFLORES
150123,C,LIMA LIMA PACHACAMAC
150124,C,LIMA LIMA PUCUSANA
150125,C,LIMA LIMA PUENTE PIEDRA
150126,C,LIMA LIMA PUNTA HERMOSA
150127,C,LIMA LIMA PUNTA NEGRA
150128,C,LIMA LIMA RIMAC
150129,C,LIMA LIMA SAN BARTOLO
150130,C,LIMA LIMA SAN BORJA
150131,C,LIMA LIMA SAN ISIDRO
150132,C,LIMA LIMA SAN JUAN DE LURIGANCHO
150133,C,LIMA LIMA SAN JUAN DE MIRAFLORES
150134,C,LIMA LIMA SAN LUIS C N°
150135,C,LIMA LIMA SAN MARTIN DE PORRES
150136,C,LIMA LIMA SAN MIGUEL
150137,C,LIMA LIMA SANTA ANITA
150138,C,LIMA LIMA SANTA MARIA DEL MAR
150139,C,LIMA LIMA SANTA ROSA
150140,C,LIMA LIMA SANTIAGO DE SURCO
150141,C,LIMA LIMA SURQUILLO
150142,C,LIMA LIMA VILLA EL SALVADOR
150143,C,LIMA LIMA VILLA MARIA DEL TRIUNFO
150201,A,LIMA BARRANCA BARRANCA
150202,D,LIMA BARRANCA PARAMONGA
150203,E,LIMA BARRANCA PATIVILCA
150204,D,LIMA BARRANCA SUPE
150205,D,LIMA BARRANCA SUPE PUERTO
150301,B,LIMA CAJATAMBO CAJATAMBO
150302,E,LIMA CAJATAMBO COPA
150303,G,LIMA CAJATAMBO GORGOR
150304,F,LIMA CAJATAMBO HUANCAPON
150305,F,LIMA CAJATAMBO MANAS
150401,B,LIMA CANTA CANTA
150402,F,LIMA CANTA ARAHUAY
150403,E,LIMA CANTA HUAMANTANGA
150404,E,LIMA CANTA HUAROS
150405,E,LIMA CANTA LACHAQUI
150406,E,LIMA CANTA SAN BUENAVENTURA
150407,F,LIMA CANTA SANTA ROSA DE QUIVES
150501,A,LIMA CAÑETE CAÑETE -SAN VICENTE DE CAÑETE
150502,E,LIMA CAÑETE ASIA
150503,F,LIMA CAÑETE CALANGO
150504,E,LIMA CAÑETE CERRO AZUL
150505,E,LIMA CAÑETE CHILCA
150506,F,LIMA CAÑETE COAYLLO
150507,D,LIMA CAÑETE IMPERIAL
150508,E,LIMA CAÑETE LUNAHUANA
150509,D,LIMA CAÑETE MALA
150510,E,LIMA CAÑETE NUEVO IMPERIAL
150511,F,LIMA CAÑETE PACARAN
150512,E,LIMA CAÑETE QUILMANA
150513,E,LIMA CAÑETE SAN ANTONIO
150514,E,LIMA CAÑETE SAN LUIS
150515,E,LIMA CAÑETE SANTA CRUZ DE FLORES
150516,C,LIMA CAÑETE ZUÑIGA F N°
150601,A,LIMA HUARAL HUARAL
150602,E,LIMA HUARAL ATAVILLOS ALTO
150603,E,LIMA HUARAL ATAVILLOS BAJO
150604,E,LIMA HUARAL AUCALLAMA
150605,D,LIMA HUARAL CHANCAY
150606,F,LIMA HUARAL IHUARI
150607,E,LIMA HUARAL LAMPIAN
150608,E,LIMA HUARAL PACARAOS
150609,E,LIMA HUARAL SAN MIGUEL DE ACOS
150610,F,LIMA HUARAL SANTA CRUZ DE ANDAMARCA
150611,F,LIMA HUARAL SUMBILCA
150612,E,LIMA HUARAL VEINTISIETE DE NOVIEMBRE
150701,B,LIMA HUAROCHIRI HUAROCHIRI - MATUCANA
150702,G,LIMA HUAROCHIRI ANTIOQUIA
150703,E,LIMA HUAROCHIRI CALLAHUANCA
150704,E,LIMA HUAROCHIRI CARAMPOMA
150705,F,LIMA HUAROCHIRI CHICLA
150706,G,LIMA HUAROCHIRI CUENCA
150707,E,LIMA HUAROCHIRI HUACHUPAMPA
150708,E,LIMA HUAROCHIRI HUANZA
150709,E,LIMA HUAROCHIRI HUAROCHIRI
150710,F,LIMA HUAROCHIRI LAHUAYTAMBO
150711,F,LIMA HUAROCHIRI LANGA
150712,E,LIMA HUAROCHIRI SAN PEDRO DE LARAOS
150713,G,LIMA HUAROCHIRI MARIATANA
150714,E,LIMA HUAROCHIRI RICARDO PALMA
150715,F,LIMA HUAROCHIRI SAN ANDRES DE TUPICOCHA
150716,G,LIMA HUAROCHIRI SAN ANTONIO
150717,F,LIMA HUAROCHIRI SAN BARTOLOME
150718,E,LIMA HUAROCHIRI SAN DAMIAN
150719,E,LIMA HUAROCHIRI SAN JUAN DE IRIS
150720,E,LIMA HUAROCHIRI SAN JUAN DE TANTARANCHE
150721,E,LIMA HUAROCHIRI SAN LORENZO DE QUINTI
150722,E,LIMA HUAROCHIRI SAN MATEO
150723,G,LIMA HUAROCHIRI SAN MATEO DE OTAO
150724,E,LIMA HUAROCHIRI SAN PEDRO DE CASTA
150725,E,LIMA HUAROCHIRI SAN PEDRO DE HUANCAYRE
150726,G,LIMA HUAROCHIRI SANGALLAYA
150727,E,LIMA HUAROCHIRI SANTA CRUZ DE COCACHACRA
150728,C,LIMA HUAROCHIRI SANTA EULALIA E N°
150729,E,LIMA HUAROCHIRI SANTIAGO DE ANCHUCAYA
150730,E,LIMA HUAROCHIRI SANTIAGO DE TUNA
150731,G,LIMA HUAROCHIRI SANTO DOMINGO DE LOS OLLEROS
150732,F,LIMA HUAROCHIRI SURCO
150801,A,LIMA HUAURA HUAURA -HUACHO
150802,G,LIMA HUAURA AMBAR
150803,D,LIMA HUAURA CALETA DE CARQUIN
150804,F,LIMA HUAURA CHECRAS
150805,D,LIMA HUAURA HUALMAY
150806,D,LIMA HUAURA HUAURA
150807,G,LIMA HUAURA LEONCIO PRADO
150808,F,LIMA HUAURA PACCHO
150809,F,LIMA HUAURA SANTA LEONOR
150810,D,LIMA HUAURA SANTA MARIA
150811,F,LIMA HUAURA SAYAN
150812,E,LIMA HUAURA VEGUETA
150901,B,LIMA OYON OYON
150902,E,LIMA OYON ANDAJES
150903,F,LIMA OYON CAUJUL
150904,G,LIMA OYON COCHAMARCA
150905,G,LIMA OYON NAVAN
150906,E,LIMA OYON PACHANGARA
151001,B,LIMA YAUYOS YAUYOS
151002,G,LIMA YAUYOS ALIS
151003,F,LIMA YAUYOS AYAUCA
151004,E,LIMA YAUYOS AYAVIRI
151005,G,LIMA YAUYOS AZANGARO
151006,F,LIMA YAUYOS CACRA
151007,E,LIMA YAUYOS CARANIA
151008,F,LIMA YAUYOS CATAHUASI
151009,G,LIMA YAUYOS CHOCOS
151010,E,LIMA YAUYOS COCHAS
151011,F,LIMA YAUYOS COLONIA
151012,E,LIMA YAUYOS HONGOS
151013,E,LIMA YAUYOS HUAMPARA
151014,E,LIMA YAUYOS HUANCAYA
151015,F,LIMA YAUYOS HUANGASCAR
151016,F,LIMA YAUYOS HUANTAN
151017,E,LIMA YAUYOS HUAÑEC
151018,E,LIMA YAUYOS LARAOS
151019,G,LIMA YAUYOS LINCHA
151020,F,LIMA YAUYOS MADEAN
151021,E,LIMA YAUYOS MIRAFLORES
151022,C,LIMA YAUYOS OMAS F N°
151023,E,LIMA YAUYOS PUTINZA
151024,F,LIMA YAUYOS QUINCHES
151025,E,LIMA YAUYOS QUINOCAY
151026,E,LIMA YAUYOS SAN JOAQUIN
151027,E,LIMA YAUYOS SAN PEDRO DE PILAS
151028,E,LIMA YAUYOS TANTA
151029,E,LIMA YAUYOS TAURIPAMPA
151030,F,LIMA YAUYOS TOMAS
151031,F,LIMA YAUYOS TUPE
151032,F,LIMA YAUYOS VIÑAC
151033,E,LIMA YAUYOS VITIS
160101,A,LORETO MAYNAS MAYNAS -IQUITOS
160102,G,LORETO MAYNAS ALTO NANAY
160103,F,LORETO MAYNAS FERNANDO LORES
160104,F,LORETO MAYNAS INDIANA
160105,G,LORETO MAYNAS LAS AMAZONAS
160106,F,LORETO MAYNAS MAZAN
160107,G,LORETO MAYNAS NAPO
160108,D,LORETO MAYNAS PUNCHANA
160110,G,LORETO MAYNAS TORRES CAUSANA
160112,D,LORETO MAYNAS BELEN
160113,D,LORETO MAYNAS SAN JUAN BAUTISTA
160201,A,LORETO ALTO AMAZONAS ALTO AMAZONAS - YURIMAGUAS
160202,G,LORETO ALTO AMAZONAS BALSAPUERTO
160205,F,LORETO ALTO AMAZONAS JEBEROS
160206,F,LORETO ALTO AMAZONAS LAGUNAS
160210,G,LORETO ALTO AMAZONAS SANTA CRUZ
160211,F,LORETO ALTO AMAZONAS TENIENTE CESAR LOPEZ ROJAS
160301,B,LORETO LORETO LORETO -NAUTA
160302,G,LORETO LORETO PARINARI
160303,G,LORETO LORETO TIGRE
160304,G,LORETO LORETO TROMPETEROS
160305,G,LORETO LORETO URARINAS
160401,B,LORETO MARISCAL RAMON CASTILLA MARISCAL RAMON CASTILLA -RAMON CASTILLA
160402,G,LORETO MARISCAL RAMON CASTILLA PEBAS
160403,G,LORETO MARISCAL RAMON CASTILLA YAVARI
160404,G,LORETO MARISCAL RAMON CASTILLA SAN PABLO
160405,G,
160501,A,LORETO REQUENA REQUENA
160502,F,LORETO REQUENA ALTO TAPICHE
160503,F,LORETO REQUENA CAPELO
160504,F,LORETO REQUENA EMILIO SAN MARTIN
160505,C,LORETO REQUENA MAQUIA G N°
160506,F,LORETO REQUENA PUINAHUA
160507,G,LORETO REQUENA SAQUENA
160508,G,LORETO REQUENA SOPLIN
160509,F,LORETO REQUENA TAPICHE
160510,E,LORETO REQUENA JENARO HERRERA
160511,F,LORETO REQUENA YAQUERANA
160601,B,LORETO UCAYALI UCAYALI - CONTAMANA
160602,F,LORETO UCAYALI INAHUAYA
160603,F,LORETO UCAYALI PADRE MARQUEZ
160604,G,LORETO UCAYALI PAMPA HERMOSA
160605,F,LORETO UCAYALI SARAYACU
160606,E,LORETO UCAYALI VARGAS GUERRA
160701,B,LORETO DATEM DEL MARAÑON DATEM DEL MARAÑON
160702,G,LORETO DATEM DEL MARAÑON CAHUAPANAS
160703,G,LORETO DATEM DEL MARAÑON MANSERICHE
160704,F,LORETO DATEM DEL MARAÑON MORONA
160705,F,LORETO DATEM DEL MARAÑON PASTAZA
160706,G,LORETO DATEM DEL MARAÑON ANDOAS
160801,B,LORETO PUTUMAYO PUTUMAYO
160802,F,LORETO PUTUMAYO ROSA PANDURO
160803,G,LORETO PUTUMAYO TENIENTE MANUEL CLAVERO
160804,G,LORETO PUTUMAYO YAGUAS
170101,A,MADRE DE DIOS TAMBOPATA TAMBOPATA
170102,F,MADRE DE DIOS TAMBOPATA INAMBARI
170103,D,MADRE DE DIOS TAMBOPATA LAS PIEDRAS
170104,E,MADRE DE DIOS TAMBOPATA LABERINTO
170201,B,MADRE DE DIOS MANU MANU
170202,G,MADRE DE DIOS MANU FITZCARRALD
170203,F,MADRE DE DIOS MANU MADRE DE DIOS
170204,E,MADRE DE DIOS MANU HUEPETUHE
170301,B,MADRE DE DIOS TAHUAMANU TAHUAMANU -IÑAPARI
170302,E,MADRE DE DIOS TAHUAMANU IBERIA
170303,F,MADRE DE DIOS TAHUAMANU TAHUAMANU
180101,A,MOQUEGUA MARISCAL NIETO MARISCAL NIETO - MOQUEGUA
180102,F,MOQUEGUA MARISCAL NIETO CARUMAS
180103,E,MOQUEGUA MARISCAL NIETO CUCHUMBAYA
180104,D,MOQUEGUA MARISCAL NIETO SAMEGUA
180105,E,MOQUEGUA MARISCAL NIETO SAN CRISTOBAL
180106,F,MOQUEGUA MARISCAL NIETO TORATA
180107,G,MOQUEGUA MARISCAL NIETO SAN ANTONIO
180201,B,MOQUEGUA GENERAL SANCHEZ CERRO GENERAL SANCHEZ CERRO -OMATE
180202,C,MOQUEGUA GENERAL SANCHEZ CERRO CHOJATA F N°
180203,F,MOQUEGUA GENERAL SANCHEZ CERRO COALAQUE
180204,G,MOQUEGUA GENERAL SANCHEZ CERRO ICHUÑA
180205,G,MOQUEGUA GENERAL SANCHEZ CERRO LA CAPILLA
180206,E,MOQUEGUA GENERAL SANCHEZ CERRO LLOQUE
180207,F,MOQUEGUA GENERAL SANCHEZ CERRO MATALAQUE
180208,E,MOQUEGUA GENERAL SANCHEZ CERRO PUQUINA
180209,F,MOQUEGUA GENERAL SANCHEZ CERRO QUINISTAQUILLAS
180210,F,MOQUEGUA GENERAL SANCHEZ CERRO UBINAS
180211,F,MOQUEGUA GENERAL SANCHEZ CERRO YUNGA
180301,A,MOQUEGUA ILO ILO
180302,D,MOQUEGUA ILO EL ALGARROBAL
180303,D,MOQUEGUA ILO PACOCHA
190101,A,PASCO PASCO PASCO - CHAUPIMARCA
190102,F,PASCO PASCO HUACHON
190103,E,PASCO PASCO HUARIACA
190104,E,PASCO PASCO HUAYLLAY
190105,E,PASCO PASCO NINACACA
190106,F,PASCO PASCO PALLANCHACRA
190107,E,PASCO PASCO PAUCARTAMBO
190108,F,PASCO PASCO SAN FCO. DE ASIS DE YARUSYACAN
190109,D,PASCO PASCO SIMON BOLIVAR
190110,F,PASCO PASCO TICLACAYAN
190111,E,PASCO PASCO TINYAHUARCO
190112,E,PASCO PASCO VICCO
190113,D,PASCO PASCO YANACANCHA
190201,B,PASCO DANIEL A. CARRION DANIEL ALCIDES CARRION - YANAHUANCA
190202,E,PASCO DANIEL A. CARRION CHACAYAN
190203,E,PASCO DANIEL A. CARRION GOYLLARISQUIZGA
190204,E,PASCO DANIEL A. CARRION PAUCAR
190205,E,PASCO DANIEL A. CARRION SAN PEDRO DE PILLAO
190206,G,PASCO DANIEL A. CARRION SANTA ANA DE TUSI
190207,E,PASCO DANIEL A. CARRION TAPUC
190208,F,PASCO DANIEL A. CARRION VILCABAMBA
190301,B,PASCO OXAPAMPA OXAPAMPA
190302,F,PASCO OXAPAMPA CHONTABAMBA
190303,F,PASCO OXAPAMPA HUANCABAMBA
190304,G,PASCO OXAPAMPA PALCAZU
190305,G,PASCO OXAPAMPA POZUZO
190306,F,PASCO OXAPAMPA PUERTO BERMUDEZ
190307,C,PASCO OXAPAMPA VILLA RICA E N°
190308,F,PASCO OXAPAMPA CONSTITUCION
200101,A,PIURA PIURA PIURA
200104,D,PIURA PIURA CASTILLA
200105,D,PIURA PIURA CATACAOS
200107,E,PIURA PIURA CURA MORI
200108,E,PIURA PIURA EL TALLAN
200109,D,PIURA PIURA LA ARENA
200110,D,PIURA PIURA LA UNION
200111,F,PIURA PIURA LAS LOMAS
200114,D,PIURA PIURA TAMBO GRANDE
200115,D,PIURA PIURA VEINTISEIS DE OCTUBRE
200201,B,PIURA AYABACA AYABACA
200202,G,PIURA AYABACA FRIAS
200203,G,PIURA AYABACA JILILI
200204,G,PIURA AYABACA LAGUNAS
200205,G,PIURA AYABACA MONTERO
200206,G,PIURA AYABACA PACAIPAMPA
200207,G,PIURA AYABACA PAIMAS
200208,G,PIURA AYABACA SAPILLICA
200209,F,PIURA AYABACA SICCHEZ
200210,G,PIURA AYABACA SUYO
200301,B,PIURA HUANCABAMBA HUANCABAMBA
200302,G,PIURA HUANCABAMBA CANCHAQUE
200303,G,PIURA HUANCABAMBA EL CARMEN DE LA FRONTERA
200304,G,PIURA HUANCABAMBA HUARMACA
200305,G,PIURA HUANCABAMBA LALAQUIZ
200306,G,PIURA HUANCABAMBA SAN MIGUEL DE EL FAIQUE
200307,G,PIURA HUANCABAMBA SONDOR
200308,G,PIURA HUANCABAMBA SONDORILLO
200401,A,PIURA MORROPON MORROPON - CHULUCANAS
200402,E,PIURA MORROPON BUENOS AIRES
200403,G,PIURA MORROPON CHALACO
200404,F,PIURA MORROPON LA MATANZA
200405,E,PIURA MORROPON MORROPON
200406,E,PIURA MORROPON SALITRAL
200407,F,PIURA MORROPON SAN JUAN DE BIGOTE
200408,F,PIURA MORROPON SANTA CATALINA DE MOSSA
200409,G,PIURA MORROPON SANTO DOMINGO
200410,G,PIURA MORROPON YAMANGO
200501,A,PIURA PAITA PAITA
200502,E,PIURA PAITA AMOTAPE
200503,E,PIURA PAITA ARENAL
200504,C,PIURA PAITA COLAN E N°
200505,E,PIURA PAITA LA HUACA
200506,E,PIURA PAITA TAMARINDO
200507,E,PIURA PAITA VICHAYAL
200601,A,PIURA SULLANA SULLANA
200602,D,PIURA SULLANA BELLAVISTA
200603,E,PIURA SULLANA IGNACIO ESCUDERO
200604,G,PIURA SULLANA LANCONES
200605,E,PIURA SULLANA MARCAVELICA
200606,E,PIURA SULLANA MIGUEL CHECA
200607,E,PIURA SULLANA QUERECOTILLO
200608,E,PIURA SULLANA SALITRAL
200701,A,PIURA TALARA TALARA -PARIÑAS
200702,E,PIURA TALARA EL ALTO
200703,E,PIURA TALARA LA BREA
200704,E,PIURA TALARA LOBITOS
200705,E,PIURA TALARA LOS ORGANOS
200706,E,PIURA TALARA MANCORA
200801,A,PIURA SECHURA SECHURA
200802,E,PIURA SECHURA BELLAVISTA DE LA UNION
200803,E,PIURA SECHURA BERNAL
200804,F,PIURA SECHURA CRISTO NOS VALGA
200805,E,PIURA SECHURA VICE
200806,E,PIURA SECHURA RINCONADA LLICUAR
210101,A,PUNO PUNO PUNO
210102,G,PUNO PUNO ACORA
210103,G,PUNO PUNO AMANTANI
210104,G,PUNO PUNO ATUNCOLLA
210105,G,PUNO PUNO CAPACHICA
210106,G,PUNO PUNO CHUCUITO
210107,G,PUNO PUNO COATA
210108,G,PUNO PUNO HUATA
210109,F,PUNO PUNO MAÑAZO
210110,G,PUNO PUNO PAUCARCOLLA
210111,F,PUNO PUNO PICHACANI
210112,G,PUNO PUNO PLATERIA
210113,G,PUNO PUNO SAN ANTONIO
210114,G,PUNO PUNO TIQUILLACA
210115,G,PUNO PUNO VILQUE
210201,A,PUNO AZANGARO AZANGARO
210202,G,PUNO AZANGARO ACHAYA
210203,G,PUNO AZANGARO ARAPA
210204,G,PUNO AZANGARO ASILLO
210205,G,PUNO AZANGARO CAMINACA
210206,C,PUNO AZANGARO CHUPA G N°
210207,F,PUNO AZANGARO JOSE DOMINGO CHOQUEHUANCA
210208,G,PUNO AZANGARO MUÑANI
210209,F,PUNO AZANGARO POTONI
210210,G,PUNO AZANGARO SAMAN
210211,F,PUNO AZANGARO SAN ANTON
210212,F,PUNO AZANGARO SAN JOSE
210213,G,PUNO AZANGARO SAN JUAN DE SALINAS
210214,G,PUNO AZANGARO SANTIAGO DE PUPUJA
210215,G,PUNO AZANGARO TIRAPATA
210301,B,PUNO CARABAYA CARABAYA - MACUSANI
210302,F,PUNO CARABAYA AJOYANI
210303,G,PUNO CARABAYA AYAPATA
210304,F,PUNO CARABAYA COASA
210305,F,PUNO CARABAYA CORANI
210306,E,PUNO CARABAYA CRUCERO
210307,G,PUNO CARABAYA ITUATA
210308,F,PUNO CARABAYA OLLACHEA
210309,G,PUNO CARABAYA SAN GABAN
210310,F,PUNO CARABAYA USICAYOS
210401,B,PUNO CHUCUITO CHUCUITO -JULI
210402,F,PUNO CHUCUITO DESAGUADERO
210403,G,PUNO CHUCUITO HUACULLANI
210404,G,PUNO CHUCUITO KELLUYO
210405,G,PUNO CHUCUITO PISACOMA
210406,G,PUNO CHUCUITO POMATA
210407,G,PUNO CHUCUITO ZEPITA
210501,A,PUNO EL COLLAO EL COLLAO -ILAVE
210502,G,PUNO EL COLLAO CAPASO
210503,G,PUNO EL COLLAO PILCUYO
210504,G,PUNO EL COLLAO SANTA ROSA
210505,G,PUNO EL COLLAO CONDURIRI
210601,B,PUNO HUANCANE HUANCANE
210602,F,PUNO HUANCANE COJATA
210603,F,PUNO HUANCANE HUATASANI
210604,G,PUNO HUANCANE INCHUPALLA
210605,G,PUNO HUANCANE PUSI
210606,G,PUNO HUANCANE ROSASPATA
210607,G,PUNO HUANCANE TARACO
210608,G,PUNO HUANCANE VILQUE CHICO
210701,B,PUNO LAMPA LAMPA
210702,G,PUNO LAMPA CABANILLA
210703,G,PUNO LAMPA CALAPUJA
210704,G,PUNO LAMPA NICASIO
210705,C,PUNO LAMPA OCUVIRI G N°
210706,F,PUNO LAMPA PALCA
210707,F,PUNO LAMPA PARATIA
210708,F,PUNO LAMPA PUCARA
210709,E,PUNO LAMPA SANTA LUCIA
210710,F,PUNO LAMPA VILAVILA
210801,A,PUNO MELGAR MELGAR -AYAVIRI
210802,F,PUNO MELGAR ANTAUTA
210803,G,PUNO MELGAR CUPI
210804,F,PUNO MELGAR LLALLI
210805,F,PUNO MELGAR MACARI
210806,F,PUNO MELGAR NUÑOA
210807,G,PUNO MELGAR ORURILLO
210808,F,PUNO MELGAR SANTA ROSA
210809,G,PUNO MELGAR UMACHIRI
210901,B,PUNO MOHO MOHO
210902,G,PUNO MOHO CONIMA
210903,F,PUNO MOHO HUAYRAPATA
210904,G,PUNO MOHO TILALI
211001,B,PUNO SAN ANTONIO DE PUTINA SAN ANTONIO DE PUTINA -PUTINA
211002,E,PUNO SAN ANTONIO DE PUTINA ANANEA
211003,G,PUNO SAN ANTONIO DE PUTINA PEDRO VILCA APAZA
211004,F,PUNO SAN ANTONIO DE PUTINA QUILCAPUNCU
211005,G,PUNO SAN ANTONIO DE PUTINA SINA
211101,A,PUNO SAN ROMAN SAN ROMAN -JULIACA
211102,G,PUNO SAN ROMAN CABANA
211103,F,PUNO SAN ROMAN CABANILLAS
211104,G,PUNO SAN ROMAN CARACOTO
211105,D,PUNO SAN ROMAN SAN MIGUEL
211201,B,PUNO SANDIA SANDIA
211202,F,PUNO SANDIA CUYOCUYO
211203,F,PUNO SANDIA LIMBANI
211204,G,PUNO SANDIA PATAMBUCO
211205,G,PUNO SANDIA PHARA
211206,G,PUNO SANDIA QUIACA
211207,F,PUNO SANDIA SAN JUAN DEL ORO
211208,F,PUNO SANDIA YANAHUAYA
211209,G,PUNO SANDIA ALTO INAMBARI
211210,G,PUNO SANDIA SAN PEDRO DE PUTINA PUNCO
211301,B,PUNO YUNGUYO YUNGUYO
211302,E,PUNO YUNGUYO ANAPIA
211303,G,PUNO YUNGUYO COPANI
211304,F,PUNO YUNGUYO CUTURAPI
211305,G,PUNO YUNGUYO OLLARAYA
211306,C,PUNO YUNGUYO TINICACHI F N°
211307,F,PUNO YUNGUYO UNICACHI
220101,A,SAN MARTIN MOYOBAMBA MOYOBAMBA
220102,E,SAN MARTIN MOYOBAMBA CALZADA
220103,E,SAN MARTIN MOYOBAMBA HABANA
220104,F,SAN MARTIN MOYOBAMBA JEPELACIO
220105,E,SAN MARTIN MOYOBAMBA SORITOR
220106,E,SAN MARTIN MOYOBAMBA YANTALO
220201,B,SAN MARTIN BELLAVISTA BELLAVISTA
220202,F,SAN MARTIN BELLAVISTA ALTO BIAVO
220203,G,SAN MARTIN BELLAVISTA BAJO BIAVO
220204,F,SAN MARTIN BELLAVISTA HUALLAGA
220205,E,SAN MARTIN BELLAVISTA SAN PABLO
220206,E,SAN MARTIN BELLAVISTA SAN RAFAEL
220301,B,SAN MARTIN EL DORADO EL DORADO -SAN JOSE DE SISA
220302,F,SAN MARTIN EL DORADO AGUA BLANCA
220303,G,SAN MARTIN EL DORADO SAN MARTIN
220304,G,SAN MARTIN EL DORADO SANTA ROSA
220305,F,SAN MARTIN EL DORADO SHATOJA
220401,B,SAN MARTIN HUALLAGA HUALLAGA -SAPOSOA
220402,F,SAN MARTIN HUALLAGA ALTO SAPOSOA
220403,F,SAN MARTIN HUALLAGA EL ESLABON
220404,F,SAN MARTIN HUALLAGA PISCOYACU
220405,F,SAN MARTIN HUALLAGA SACANCHE
220406,E,SAN MARTIN HUALLAGA TINGO DE SAPOSOA
220501,B,SAN MARTIN LAMAS LAMAS
220502,F,SAN MARTIN LAMAS ALONSO DE ALVARADO
220503,F,SAN MARTIN LAMAS BARRANQUITA
220504,F,SAN MARTIN LAMAS CAYNARACHI
220505,F,SAN MARTIN LAMAS CUÑUMBUQUI
220506,G,SAN MARTIN LAMAS PINTO RECODO
220507,F,SAN MARTIN LAMAS RUMISAPA
220508,F,SAN MARTIN LAMAS SAN ROQUE DE CUMBAZA
220509,F,SAN MARTIN LAMAS SHANAO
220510,F,SAN MARTIN LAMAS TABALOSOS
220511,F,SAN MARTIN LAMAS ZAPATERO
220601,A,SAN MARTIN MARISCAL CACERES MARISCAL CACERES - JUANJUI
220602,G,SAN MARTIN MARISCAL CACERES CAMPANILLA
220603,F,SAN MARTIN MARISCAL CACERES HUICUNGO
220604,F,SAN MARTIN MARISCAL CACERES PACHIZA
220605,G,SAN MARTIN MARISCAL CACERES PAJARILLO
220701,B,SAN MARTIN PICOTA PICOTA
220702,F,SAN MARTIN PICOTA BUENOS AIRES
220703,C,SAN MARTIN PICOTA CASPISAPA E N°
220704,E,SAN MARTIN PICOTA PILLUANA
220705,E,SAN MARTIN PICOTA PUCACACA
220706,E,SAN MARTIN PICOTA SAN CRISTOBAL
220707,E,SAN MARTIN PICOTA SAN HILARION
220708,G,SAN MARTIN PICOTA SHAMBOYACU
220709,F,SAN MARTIN PICOTA TINGO DE PONASA
220710,F,SAN MARTIN PICOTA TRES UNIDOS
220801,A,SAN MARTIN RIOJA RIOJA
220802,F,SAN MARTIN RIOJA AWAJUN
220803,E,SAN MARTIN RIOJA ELIAS SOPLIN VARGAS
220804,D,SAN MARTIN RIOJA NUEVA CAJAMARCA
220805,F,SAN MARTIN RIOJA PARDO MIGUEL
220806,E,SAN MARTIN RIOJA POSIC
220807,F,SAN MARTIN RIOJA SAN FERNANDO
220808,E,SAN MARTIN RIOJA YORONGOS
220809,E,SAN MARTIN RIOJA YURACYACU
220901,A,SAN MARTIN SAN MARTIN SAN MARTIN - TARAPOTO
220902,F,SAN MARTIN SAN MARTIN ALBERTO LEVEAU
220903,E,SAN MARTIN SAN MARTIN CACATACHI
220904,F,SAN MARTIN SAN MARTIN CHAZUTA
220905,E,SAN MARTIN SAN MARTIN CHIPURANA
220906,E,SAN MARTIN SAN MARTIN EL PORVENIR
220907,F,SAN MARTIN SAN MARTIN HUIMBAYOC
220908,E,SAN MARTIN SAN MARTIN JUAN GUERRA
220909,D,SAN MARTIN SAN MARTIN LA BANDA DE SHILCAYO
220910,D,SAN MARTIN SAN MARTIN MORALES
220911,F,SAN MARTIN SAN MARTIN PAPAPLAYA
220912,E,SAN MARTIN SAN MARTIN SAN ANTONIO
220913,E,SAN MARTIN SAN MARTIN SAUCE
220914,E,SAN MARTIN SAN MARTIN SHAPAJA
221001,B,SAN MARTIN TOCACHE TOCACHE
221002,F,SAN MARTIN TOCACHE NUEVO PROGRESO
221003,G,SAN MARTIN TOCACHE POLVORA
221004,G,SAN MARTIN TOCACHE SHUNTE
221005,F,SAN MARTIN TOCACHE UCHIZA
221006,G,SAN MARTIN TOCACHE SANTA LUCIA
230101,A,TACNA TACNA TACNA
230102,D,TACNA TACNA ALTO DE LA ALIANZA
230103,F,TACNA TACNA CALANA
230104,D,TACNA TACNA CIUDAD NUEVA
230105,F,TACNA TACNA INCLAN
230106,F,TACNA TACNA PACHIA
230107,G,TACNA TACNA PALCA
230108,C,TACNA TACNA POCOLLAY D N°
230109,E,TACNA TACNA SAMA
230110,D,TACNA TACNA CORONEL GREGORIO ALBARRACIN LANCHIPA
230111,G,TACNA TACNA LA YARADA LOS PALOS
230201,B,TACNA CANDARAVE CANDARAVE
230202,E,TACNA CANDARAVE CAIRANI
230203,E,TACNA CANDARAVE CAMILACA
230204,E,TACNA CANDARAVE CURIBAYA
230205,E,TACNA CANDARAVE HUANUARA
230206,E,TACNA CANDARAVE QUILAHUANI
230301,B,TACNA JORGE BASADRE JORGE BASADRE - LOCUMBA
230302,E,TACNA JORGE BASADRE ILABAYA
230303,F,TACNA JORGE BASADRE ITE
230401,B,TACNA TARATA TARATA
230402,F,TACNA TARATA CHUCATAMANI
230403,E,TACNA TARATA ESTIQUE
230404,E,TACNA TARATA ESTIQUE-PAMPA
230405,E,TACNA TARATA SITAJARA
230406,E,TACNA TARATA SUSAPAYA
230407,E,TACNA TARATA TARUCACHI
230408,E,TACNA TARATA TICACO
240101,A,TUMBES TUMBES TUMBES
240102,E,TUMBES TUMBES CORRALES
240103,E,TUMBES TUMBES LA CRUZ
240104,F,TUMBES TUMBES PAMPAS DE HOSPITAL
240105,E,TUMBES TUMBES SAN JACINTO
240106,E,TUMBES TUMBES SAN JUAN DE LA VIRGEN
240201,B,TUMBES CONTRALMIRANTE VILLAR CONTRALMIRANTE VILLAR -ZORRITOS
240202,G,TUMBES CONTRALMIRANTE VILLAR CASITAS
240203,E,TUMBES CONTRALMIRANTE VILLAR CANOAS DE PUNTA SAL
240301,A,TUMBES ZARUMILLA ZARUMILLA
240302,D,TUMBES ZARUMILLA AGUAS VERDES
240303,E,TUMBES ZARUMILLA MATAPALO
240304,F,TUMBES ZARUMILLA PAPAYAL
250101,A,UCAYALI CORONEL PORTILLO CORONEL PORTILLO - CALLARIA
250102,F,UCAYALI CORONEL PORTILLO CAMPOVERDE
250103,G,UCAYALI CORONEL PORTILLO IPARIA
250104,G,UCAYALI CORONEL PORTILLO MASISEA
250105,D,UCAYALI CORONEL PORTILLO YARINACOCHA
250106,F,UCAYALI CORONEL PORTILLO NUEVA REQUENA
250107,D,UCAYALI CORONEL PORTILLO MANANTAY
250201,C,UCAYALI ATALAYA ATALAYA -RAIMONDI B N°
250202,F,UCAYALI ATALAYA SEPAHUA
250203,G,UCAYALI ATALAYA TAHUANIA
250204,G,UCAYALI ATALAYA YURUA
250301,B,UCAYALI PADRE ABAD PADRE ABAD
250302,F,UCAYALI PADRE ABAD IRAZOLA
250303,F,UCAYALI PADRE ABAD CURIMANA
250304,F,UCAYALI PADRE ABAD NESHUYA
250305,E,UCAYALI PADRE ABAD ALEXANDER VON HUMBOLDT
250306,G,UCAYALI PADRE ABAD HUIPOCA
250307,G,UCAYALI PADRE ABAD BOQUERON
250401,B,UCAYALI PURUS PURUS
